{
	"credit": "Made with Blockbench",
	"textures": {
		"0": "gunmodel/81",
		"1": "gunmodel/82",
		"2": "gunmodel/83",
		"particle": "gunmodel/81"
	},
	"elements": [
		{
			"from": [7.32, 5.6, 10.72],
			"to": [8.28, 6.4, 12.48],
			"rotation": {"angle": 0, "axis": "y", "origin": [1, 0, 2]},
			"faces": {
				"north": {"uv": [0, 0, 1.2, 1], "texture": "#1"},
				"east": {"uv": [0, 0, 2.2, 1], "texture": "#1"},
				"south": {"uv": [0, 0, 1.2, 1], "texture": "#1"},
				"west": {"uv": [0, 0, 2.2, 1], "texture": "#1"},
				"up": {"uv": [0, 0, 1.2, 2.2], "texture": "#missing"},
				"down": {"uv": [0, 0, 1.2, 2.2], "texture": "#1"}
			}
		},
		{
			"from": [7.56, 5.6, 5.68],
			"to": [8.04, 6.4, 5.76],
			"rotation": {"angle": 0, "axis": "y", "origin": [1, 0, 2]},
			"faces": {
				"north": {"uv": [0, 0, 0.6, 1], "texture": "#0"},
				"east": {"uv": [0, 0, 0.1, 1], "texture": "#0"},
				"south": {"uv": [0, 0, 0.6, 1], "texture": "#0"},
				"west": {"uv": [0, 0, 0.1, 1], "texture": "#0"},
				"up": {"uv": [0, 0, 0.6, 0.1], "texture": "#missing"},
				"down": {"uv": [0, 0, 0.6, 0.1], "texture": "#0"}
			}
		},
		{
			"from": [7.56, 5.76, 6.32],
			"to": [8.04, 6.4, 6.4],
			"rotation": {"angle": 0, "axis": "y", "origin": [1, 0, 2]},
			"faces": {
				"north": {"uv": [0, 0, 0.6, 0.8], "texture": "#2"},
				"east": {"uv": [0, 0, 0.1, 0.8], "texture": "#2"},
				"south": {"uv": [0, 0, 0.6, 0.8], "texture": "#2"},
				"west": {"uv": [0, 0, 0.1, 0.8], "texture": "#2"},
				"up": {"uv": [0, 0, 0.6, 0.1], "texture": "#missing"},
				"down": {"uv": [0, 0, 0.6, 0.1], "texture": "#2"}
			}
		},
		{
			"from": [7.16, 7.2, 12.32],
			"to": [7.32, 8.16, 16.48],
			"rotation": {"angle": 0, "axis": "y", "origin": [1, 0, 2]},
			"faces": {
				"north": {"uv": [0, 0, 0.2, 1.2], "texture": "#0"},
				"east": {"uv": [0, 0, 5.2, 1.2], "texture": "#missing"},
				"south": {"uv": [0, 0, 0.2, 1.2], "texture": "#missing"},
				"west": {"uv": [0, 0, 5.2, 1.2], "texture": "#0"},
				"up": {"uv": [0, 0, 0.2, 5.2], "texture": "#missing"},
				"down": {"uv": [0, 0, 0.2, 5.2], "texture": "#0"}
			}
		},
		{
			"from": [7.32, 5.6, 6.72],
			"to": [8.28, 6.4, 7.92],
			"rotation": {"angle": 0, "axis": "y", "origin": [1, 0, 2]},
			"faces": {
				"north": {"uv": [0, 0, 1.2, 1], "texture": "#0"},
				"east": {"uv": [0, 0, 1.5, 1], "texture": "#0"},
				"south": {"uv": [0, 0, 1.2, 1], "texture": "#0"},
				"west": {"uv": [0, 0, 1.5, 1], "texture": "#0"},
				"up": {"uv": [0, 0, 1.2, 1.5], "texture": "#missing"},
				"down": {"uv": [0, 0, 1.2, 1.5], "texture": "#0"}
			}
		},
		{
			"from": [7.36, 11.2, 12.32],
			"to": [8.24, 11.44, 13.04],
			"rotation": {"angle": 22.5, "axis": "x", "origin": [1, 0, 2]},
			"faces": {
				"north": {"uv": [0, 0, 1.1, 0.3], "texture": "#missing"},
				"east": {"uv": [0, 0, 0.9, 0.3], "texture": "#0"},
				"south": {"uv": [0, 0, 1.1, 0.3], "texture": "#missing"},
				"west": {"uv": [0, 0, 0.9, 0.3], "texture": "#0"},
				"up": {"uv": [0, 0, 1.1, 0.9], "texture": "#missing"},
				"down": {"uv": [0, 0, 1.1, 0.9], "texture": "#0"}
			}
		},
		{
			"from": [7.56, 5.6, 5.76],
			"to": [8.04, 5.68, 6.72],
			"rotation": {"angle": 0, "axis": "y", "origin": [1, 0, 2]},
			"faces": {
				"north": {"uv": [0, 0, 0.6, 0.1], "texture": "#missing"},
				"east": {"uv": [0, 0, 1.2, 0.1], "texture": "#0"},
				"south": {"uv": [0, 0, 0.6, 0.1], "texture": "#missing"},
				"west": {"uv": [0, 0, 1.2, 0.1], "texture": "#0"},
				"up": {"uv": [0, 0, 0.6, 1.2], "texture": "#0"},
				"down": {"uv": [0, 0, 0.6, 1.2], "texture": "#0"}
			}
		},
		{
			"from": [7.16, 5.92, 16.48],
			"to": [8.44, 8.32, 16.64],
			"rotation": {"angle": 0, "axis": "y", "origin": [1, 0, 2]},
			"faces": {
				"north": {"uv": [0, 0, 1.6, 3], "texture": "#0"},
				"east": {"uv": [0, 0, 0.2, 3], "texture": "#0"},
				"south": {"uv": [0, 0, 1.6, 3], "texture": "#0"},
				"west": {"uv": [0, 0, 0.2, 3], "texture": "#0"},
				"up": {"uv": [0, 0, 1.6, 0.2], "texture": "#0"},
				"down": {"uv": [0, 0, 1.6, 0.2], "texture": "#0"}
			}
		},
		{
			"from": [7.16, 8.16, 12.32],
			"to": [8.44, 8.32, 16.48],
			"rotation": {"angle": 0, "axis": "y", "origin": [1, 0, 2]},
			"faces": {
				"north": {"uv": [0, 0, 1.6, 0.2], "texture": "#0"},
				"east": {"uv": [0, 0, 5.2, 0.2], "texture": "#0"},
				"south": {"uv": [0, 0, 1.6, 0.2], "texture": "#missing"},
				"west": {"uv": [0, 0, 5.2, 0.2], "texture": "#0"},
				"up": {"uv": [0, 0, 1.6, 5.2], "texture": "#0"},
				"down": {"uv": [0, 0, 1.6, 5.2], "texture": "#missing"}
			}
		},
		{
			"from": [8.28, 7.2, 12.32],
			"to": [8.44, 8.16, 16.48],
			"rotation": {"angle": 0, "axis": "y", "origin": [13.8, 0, 2]},
			"faces": {
				"north": {"uv": [0.2, 0, 0.4, 1.2], "texture": "#0"},
				"east": {"uv": [5.2, 0, 10.4, 1.2], "texture": "#0"},
				"south": {"uv": [0.2, 0, 0.4, 1.2], "texture": "#missing"},
				"west": {"uv": [5.2, 0, 10.4, 1.2], "texture": "#missing"},
				"up": {"uv": [0.2, 0, 0.4, 5.2], "texture": "#missing"},
				"down": {"uv": [0.2, 0, 0.4, 5.2], "texture": "#0"}
			}
		},
		{
			"from": [7.6, 7.2, -4.48],
			"to": [8, 7.6, -3.84],
			"rotation": {"angle": 0, "axis": "y", "origin": [1, 0, 2]},
			"faces": {
				"north": {"uv": [0, 0, 0.5, 0.5], "texture": "#missing"},
				"east": {"uv": [0, 0, 0.8, 0.5], "texture": "#2"},
				"south": {"uv": [0, 0, 0.5, 0.5], "texture": "#missing"},
				"west": {"uv": [0, 0, 0.8, 0.5], "texture": "#2"},
				"up": {"uv": [0, 0, 0.5, 0.8], "texture": "#2"},
				"down": {"uv": [0, 0, 0.5, 0.8], "texture": "#2"}
			}
		},
		{
			"from": [7.32, 6.4, -1.44],
			"to": [8.28, 8, 4.96],
			"rotation": {"angle": 0, "axis": "y", "origin": [1, 0, 2]},
			"faces": {
				"north": {"uv": [0, 0, 1.2, 2], "texture": "#0"},
				"east": {"uv": [0, 0, 8, 2], "texture": "#0"},
				"south": {"uv": [0, 0, 1.2, 2], "texture": "#0"},
				"west": {"uv": [0, 0, 8, 2], "texture": "#0"},
				"up": {"uv": [0, 0, 1.2, 8], "texture": "#0"},
				"down": {"uv": [0, 0, 1.2, 8], "texture": "#0"}
			}
		},
		{
			"from": [7.6, 7.2, -3.68],
			"to": [8, 7.6, -1.44],
			"rotation": {"angle": 0, "axis": "y", "origin": [1, 0, 2]},
			"faces": {
				"north": {"uv": [0, 0, 0.5, 0.5], "texture": "#missing"},
				"east": {"uv": [0, 0, 2.8, 0.5], "texture": "#2"},
				"south": {"uv": [0, 0, 0.5, 0.5], "texture": "#missing"},
				"west": {"uv": [0, 0, 2.8, 0.5], "texture": "#2"},
				"up": {"uv": [0, 0, 0.5, 2.8], "texture": "#2"},
				"down": {"uv": [0, 0, 0.5, 2.8], "texture": "#2"}
			}
		},
		{
			"from": [7.52, 7.12, -1.6],
			"to": [8.08, 7.68, -1.44],
			"rotation": {"angle": 0, "axis": "y", "origin": [1, 0, 2]},
			"faces": {
				"north": {"uv": [0, 0, 0.7, 0.7], "texture": "#1"},
				"east": {"uv": [0, 0, 0.2, 0.7], "texture": "#1"},
				"south": {"uv": [0, 0, 0.7, 0.7], "texture": "#missing"},
				"west": {"uv": [0, 0, 0.2, 0.7], "texture": "#1"},
				"up": {"uv": [0, 0, 0.7, 0.2], "texture": "#1"},
				"down": {"uv": [0, 0, 0.7, 0.2], "texture": "#1"}
			}
		},
		{
			"from": [7.52, 7.12, -3.84],
			"to": [8.08, 7.68, -3.68],
			"rotation": {"angle": 0, "axis": "y", "origin": [1, 0, 2]},
			"faces": {
				"north": {"uv": [0, 0, 0.7, 0.7], "texture": "#1"},
				"east": {"uv": [0, 0, 0.2, 0.7], "texture": "#1"},
				"south": {"uv": [0, 0, 0.7, 0.7], "texture": "#1"},
				"west": {"uv": [0, 0, 0.2, 0.7], "texture": "#1"},
				"up": {"uv": [0, 0, 0.7, 0.2], "texture": "#1"},
				"down": {"uv": [0, 0, 0.7, 0.2], "texture": "#1"}
			}
		},
		{
			"from": [7.52, 7.12, -6.24],
			"to": [8.08, 7.68, -4.48],
			"rotation": {"angle": 0, "axis": "y", "origin": [1, 0, 2]},
			"faces": {
				"north": {"uv": [0, 0, 0.7, 0.7], "texture": "#1"},
				"east": {"uv": [0, 0, 2.2, 0.7], "texture": "#1"},
				"south": {"uv": [0, 0, 0.7, 0.7], "texture": "#1"},
				"west": {"uv": [0, 0, 2.2, 0.7], "texture": "#1"},
				"up": {"uv": [0, 0, 0.7, 2.2], "texture": "#1"},
				"down": {"uv": [0, 0, 0.7, 2.2], "texture": "#1"}
			}
		},
		{
			"from": [8.28, 6.4, -1.44],
			"to": [8.6, 7.68, 4.96],
			"rotation": {"angle": 0, "axis": "y", "origin": [13.8, 0, 2]},
			"faces": {
				"north": {"uv": [0.4, 0, 0, 1], "texture": "#0"},
				"east": {"uv": [8, 0, 0, 1], "texture": "#0"},
				"south": {"uv": [0.4, 0, 0, 1], "texture": "#0"},
				"west": {"uv": [8, 0, 0, 1], "texture": "#missing"},
				"up": {"uv": [0.4, 0, 0, 8], "texture": "#0"},
				"down": {"uv": [0.4, 0, 0, 8], "texture": "#0"}
			}
		},
		{
			"from": [7.56, 8.48, 11.68],
			"to": [8.04, 10.08, 11.92],
			"rotation": {"angle": 0, "axis": "y", "origin": [1, 0, 2]},
			"faces": {
				"north": {"uv": [0, 0, 0.6, 2], "texture": "#2"},
				"east": {"uv": [0, 0, 0.3, 2], "texture": "#2"},
				"south": {"uv": [0, 0, 0.6, 2], "texture": "#2"},
				"west": {"uv": [0, 0, 0.3, 2], "texture": "#2"},
				"up": {"uv": [0, 0, 0.6, 0.3], "texture": "#missing"},
				"down": {"uv": [0, 0, 0.6, 0.3], "texture": "#missing"}
			}
		},
		{
			"from": [7.56, 8, 1.44],
			"to": [8.04, 9.6, 1.76],
			"rotation": {"angle": 0, "axis": "y", "origin": [1, 0, 2]},
			"faces": {
				"north": {"uv": [0, 0, 0.6, 2], "texture": "#2"},
				"east": {"uv": [0, 0, 0.4, 2], "texture": "#2"},
				"south": {"uv": [0, 0, 0.6, 2], "texture": "#2"},
				"west": {"uv": [0, 0, 0.4, 2], "texture": "#2"},
				"up": {"uv": [0, 0, 0.6, 0.4], "texture": "#1"},
				"down": {"uv": [0, 0, 0.6, 0.4], "texture": "#missing"}
			}
		},
		{
			"from": [7.56, 8.48, 7.6],
			"to": [8.04, 10.08, 7.68],
			"rotation": {"angle": 0, "axis": "y", "origin": [1, 0, 2]},
			"faces": {
				"north": {"uv": [0, 0, 0.6, 2], "texture": "#2"},
				"east": {"uv": [0, 0, 0.1, 2], "texture": "#2"},
				"south": {"uv": [0, 0, 0.6, 2], "texture": "#2"},
				"west": {"uv": [0, 0, 0.1, 2], "texture": "#2"},
				"up": {"uv": [0, 0, 0.6, 0.1], "texture": "#missing"},
				"down": {"uv": [0, 0, 0.6, 0.1], "texture": "#missing"}
			}
		},
		{
			"from": [7.32, 8, 1.76],
			"to": [8.28, 8.4, 4.96],
			"rotation": {"angle": 0, "axis": "y", "origin": [1, 0, 2]},
			"faces": {
				"north": {"uv": [0, 0, 1.2, 0.5], "texture": "#0"},
				"east": {"uv": [0, 0, 4, 0.5], "texture": "#0"},
				"south": {"uv": [0, 0, 1.2, 0.5], "texture": "#0"},
				"west": {"uv": [0, 0, 4, 0.5], "texture": "#0"},
				"up": {"uv": [0, 0, 1.2, 4], "texture": "#0"},
				"down": {"uv": [0, 0, 1.2, 4], "texture": "#missing"}
			}
		},
		{
			"from": [6.84, 6.4, -1.44],
			"to": [7, 7.2, 4.96],
			"rotation": {"angle": 0, "axis": "y", "origin": [1, 0, 2]},
			"faces": {
				"north": {"uv": [0, 0, 0.2, 1], "texture": "#0"},
				"east": {"uv": [0, 0, 8, 1], "texture": "#missing"},
				"south": {"uv": [0, 0, 0.2, 1], "texture": "#0"},
				"west": {"uv": [0, 0, 8, 1], "texture": "#0"},
				"up": {"uv": [0, 0, 0.2, 8], "texture": "#0"},
				"down": {"uv": [0, 0, 0.2, 8], "texture": "#0"}
			}
		},
		{
			"from": [8.6, 6.4, -1.44],
			"to": [8.76, 7.2, 4.96],
			"rotation": {"angle": 0, "axis": "y", "origin": [13.8, 0, 2]},
			"faces": {
				"north": {"uv": [0.2, 0, 0.4, 1], "texture": "#0"},
				"east": {"uv": [8, 0, 16, 1], "texture": "#0"},
				"south": {"uv": [0.2, 0, 0.4, 1], "texture": "#0"},
				"west": {"uv": [8, 0, 16, 1], "texture": "#missing"},
				"up": {"uv": [0.2, 0, 0.4, 8], "texture": "#0"},
				"down": {"uv": [0.2, 0, 0.4, 8], "texture": "#0"}
			}
		},
		{
			"from": [7, 6.4, -1.44],
			"to": [7.32, 7.68, 4.96],
			"rotation": {"angle": 0, "axis": "y", "origin": [1, 0, 2]},
			"faces": {
				"north": {"uv": [0, 0, 0.4, 1.6], "texture": "#0"},
				"east": {"uv": [0, 0, 8, 1.6], "texture": "#missing"},
				"south": {"uv": [0, 0, 0.4, 1.6], "texture": "#0"},
				"west": {"uv": [0, 0, 8, 1.6], "texture": "#0"},
				"up": {"uv": [0, 0, 0.4, 8], "texture": "#0"},
				"down": {"uv": [0, 0, 0.4, 8], "texture": "#0"}
			}
		},
		{
			"from": [7.4, 0.64, 8.72],
			"to": [8.2, 3.84, 9.76],
			"rotation": {"angle": -22.5, "axis": "x", "origin": [1, 0, 2]},
			"faces": {
				"north": {"uv": [0, 0, 1, 4], "texture": "#0"},
				"east": {"uv": [0, 0, 1.3, 4], "texture": "#0"},
				"south": {"uv": [0, 0, 1, 4], "texture": "#0"},
				"west": {"uv": [0, 0, 1.3, 4], "texture": "#0"},
				"up": {"uv": [0, 0, 1, 1.3], "texture": "#missing"},
				"down": {"uv": [0, 0, 1, 1.3], "texture": "#0"}
			}
		},
		{
			"from": [7.4, 2.4, 10.8],
			"to": [8.2, 5.6, 12.4],
			"rotation": {"angle": 0, "axis": "y", "origin": [1, 0, 2]},
			"faces": {
				"north": {"uv": [0, 0, 1, 4], "texture": "#2"},
				"east": {"uv": [0, 0, 2, 4], "texture": "#2"},
				"south": {"uv": [0, 0, 1, 4], "texture": "#2"},
				"west": {"uv": [0, 0, 2, 4], "texture": "#2"},
				"up": {"uv": [0, 0, 1, 2], "texture": "#missing"},
				"down": {"uv": [0, 0, 1, 2], "texture": "#2"}
			}
		},
		{
			"from": [7.56, 10.08, 7.6],
			"to": [8.04, 10.32, 11.92],
			"rotation": {"angle": 0, "axis": "y", "origin": [1, 0, 2]},
			"faces": {
				"north": {"uv": [0, 0, 0.6, 0.3], "texture": "#2"},
				"east": {"uv": [0, 0, 5.4, 0.3], "texture": "#2"},
				"south": {"uv": [0, 0, 0.6, 0.3], "texture": "#2"},
				"west": {"uv": [0, 0, 5.4, 0.3], "texture": "#2"},
				"up": {"uv": [0, 0, 0.6, 5.4], "texture": "#2"},
				"down": {"uv": [0, 0, 0.6, 5.4], "texture": "#2"}
			}
		},
		{
			"from": [7.36, 6.44, 4.96],
			"to": [8.24, 8.2, 5.12],
			"rotation": {"angle": 0, "axis": "y", "origin": [1, 0, 2]},
			"faces": {
				"north": {"uv": [0, 0, 1.1, 2.2], "texture": "#missing"},
				"east": {"uv": [0, 0, 0.2, 2.2], "texture": "#2"},
				"south": {"uv": [0, 0, 1.1, 2.2], "texture": "#missing"},
				"west": {"uv": [0, 0, 0.2, 2.2], "texture": "#2"},
				"up": {"uv": [0, 0, 1.1, 0.2], "texture": "#2"},
				"down": {"uv": [0, 0, 1.1, 0.2], "texture": "#2"}
			}
		},
		{
			"from": [7.56, 8.24, 7.28],
			"to": [8.04, 8.48, 11.92],
			"rotation": {"angle": 0, "axis": "y", "origin": [1, 0, 2]},
			"faces": {
				"north": {"uv": [0, 0, 0.6, 0.3], "texture": "#2"},
				"east": {"uv": [0, 0, 5.8, 0.3], "texture": "#2"},
				"south": {"uv": [0, 0, 0.6, 0.3], "texture": "#2"},
				"west": {"uv": [0, 0, 5.8, 0.3], "texture": "#2"},
				"up": {"uv": [0, 0, 0.6, 5.8], "texture": "#2"},
				"down": {"uv": [0, 0, 0.6, 5.8], "texture": "#missing"}
			}
		},
		{
			"from": [7.56, 10.32, 11.12],
			"to": [8.04, 10.56, 11.92],
			"rotation": {"angle": 0, "axis": "y", "origin": [1, 0, 2]},
			"faces": {
				"north": {"uv": [0, 0, 0.6, 0.3], "texture": "#2"},
				"east": {"uv": [0, 0, 1, 0.3], "texture": "#2"},
				"south": {"uv": [0, 0, 0.6, 0.3], "texture": "#2"},
				"west": {"uv": [0, 0, 1, 0.3], "texture": "#2"},
				"up": {"uv": [0, 0, 0.6, 1], "texture": "#2"},
				"down": {"uv": [0, 0, 0.6, 1], "texture": "#missing"}
			}
		},
		{
			"from": [7.32, 6.4, 5.12],
			"to": [8.28, 8.24, 16.48],
			"rotation": {"angle": 0, "axis": "y", "origin": [1, 0, 2]},
			"faces": {
				"north": {"uv": [0, 0, 1.2, 2.3], "texture": "#1"},
				"east": {"uv": [0, 0, 14.2, 2.3], "texture": "#1"},
				"south": {"uv": [0, 0, 1.2, 2.3], "texture": "#missing"},
				"west": {"uv": [0, 0, 14.2, 2.3], "texture": "#1"},
				"up": {"uv": [0, 0, 1.2, 14.2], "texture": "#1"},
				"down": {"uv": [0, 0, 1.2, 14.2], "texture": "#1"}
			}
		}
	],
	"display": {
		"thirdperson_righthand": {
			"translation": [0, 1.75, -0.25],
			"scale": [0.9, 0.9, 0.9]
		},
		"thirdperson_lefthand": {
			"translation": [0, 1.75, -0.25],
			"scale": [0.9, 0.9, 0.9]
		},
		"firstperson_righthand": {
			"translation": [0, 5.5, 2.75]
		},
		"firstperson_lefthand": {
			"translation": [0, 5.5, 2.5]
		},
		"gui": {
			"rotation": [90, 47, -90],
			"translation": [2, -1, 0],
			"scale": [0.9, 0.9, 0.9]
		}
	},
	"groups": [
		{
			"name": "group",
			"origin": [0, 0, 0],
			"color": 0,
			"children": [0, 1, 2, 3, 4, 5, 6, 7, 8, 9, 10, 11, 12, 13, 14, 15, 16, 17, 18, 19, 20, 21, 22, 23, 24, 25, 26, 27, 28, 29, 30]
		}
	]
}