{
	"credit": "Made with Blockbench",
	"textures": {
		"0": "gunmodel/32",
		"1": "gunmodel/33",
		"2": "gunmodel/34",
		"3": "gunmodel/35",
		"4": "gunmodel/36",
		"5": "gunmodel/37",
		"7": "gunmodel/31",
		"particle": "gunmodel/32"
	},
	"elements": [
		{
			"from": [7.92, 8.6, 7.48],
			"to": [9.04, 9.72, 8.6],
			"rotation": {"angle": 0, "axis": "y", "origin": [8.48, 3, 8.04]},
			"faces": {
				"north": {"uv": [0, 0, 2, 2], "texture": "#2"},
				"east": {"uv": [0, 0, 2, 2], "texture": "#2"},
				"south": {"uv": [0, 0, 2, 2], "texture": "#2"},
				"west": {"uv": [0, 0, 2, 2], "texture": "#2"},
				"up": {"uv": [0, 0, 2, 2], "texture": "#2"},
				"down": {"uv": [0, 0, 2, 2], "texture": "#2"}
			}
		},
		{
			"from": [7.864, 8.6, 8.6],
			"to": [9.096, 9.72, 8.6],
			"rotation": {"angle": 0, "axis": "y", "origin": [8.48, 3, 8.04]},
			"faces": {
				"north": {"uv": [0, 0, 2.2, 2], "texture": "#3"},
				"east": {"uv": [0, 0, 0, 2], "texture": "#missing"},
				"south": {"uv": [0, 0, 2.2, 2], "texture": "#missing"},
				"west": {"uv": [0, 0, 0, 2], "texture": "#missing"},
				"up": {"uv": [0, 0, 2.2, 0], "texture": "#missing"},
				"down": {"uv": [0, 0, 2.2, 0], "texture": "#missing"}
			}
		},
		{
			"from": [7.864, 8.6, 8.6],
			"to": [9.096, 9.72, 10.28],
			"rotation": {"angle": 0, "axis": "y", "origin": [8.48, 3, 8.04]},
			"faces": {
				"north": {"uv": [0, 0, 2.2, 2], "texture": "#missing"},
				"east": {"uv": [0, 0, 3, 2], "texture": "#missing"},
				"south": {"uv": [0, 0, 2.2, 2], "texture": "#3"},
				"west": {"uv": [0, 0, 3, 2], "texture": "#missing"},
				"up": {"uv": [0, 0, 2.2, 3], "texture": "#missing"},
				"down": {"uv": [0, 0, 2.2, 3], "texture": "#3"}
			}
		},
		{
			"from": [7.92, 8.6, 5.24],
			"to": [9.04, 9.72, 6.36],
			"rotation": {"angle": 0, "axis": "y", "origin": [8.48, 3, 8.04]},
			"faces": {
				"north": {"uv": [0, 0, 2, 2], "texture": "#0"},
				"east": {"uv": [0, 0, 2, 2], "texture": "#0"},
				"south": {"uv": [0, 0, 2, 2], "texture": "#0"},
				"west": {"uv": [0, 0, 2, 2], "texture": "#0"},
				"up": {"uv": [0, 0, 2, 2], "texture": "#0"},
				"down": {"uv": [0, 0, 2, 2], "texture": "#0"}
			}
		},
		{
			"from": [7.92, 8.6, 4.12],
			"to": [9.04, 9.72, 5.24],
			"rotation": {"angle": 0, "axis": "y", "origin": [8.48, 3, 8.04]},
			"faces": {
				"north": {"uv": [0, 0, 2, 2], "texture": "#7"},
				"east": {"uv": [0, 0, 2, 2], "texture": "#7"},
				"south": {"uv": [0, 0, 2, 2], "texture": "#7"},
				"west": {"uv": [0, 0, 2, 2], "texture": "#7"},
				"up": {"uv": [0, 0, 2, 2], "texture": "#7"},
				"down": {"uv": [0, 0, 2, 2], "texture": "#7"}
			}
		},
		{
			"from": [7.92, 8.6, 6.36],
			"to": [9.04, 9.72, 7.48],
			"rotation": {"angle": 0, "axis": "y", "origin": [8.48, 3, 8.04]},
			"faces": {
				"north": {"uv": [0, 0, 2, 2], "texture": "#1"},
				"east": {"uv": [0, 0, 2, 2], "texture": "#1"},
				"south": {"uv": [0, 0, 2, 2], "texture": "#1"},
				"west": {"uv": [0, 0, 2, 2], "texture": "#1"},
				"up": {"uv": [0, 0, 2, 2], "texture": "#1"},
				"down": {"uv": [0, 0, 2, 2], "texture": "#1"}
			}
		},
		{
			"from": [7.92, 8.6, 2.44],
			"to": [9.04, 9.72, 4.12],
			"rotation": {"angle": 0, "axis": "y", "origin": [8.48, 3, 8.04]},
			"faces": {
				"north": {"uv": [0, 0, 2, 2], "texture": "#5"},
				"east": {"uv": [0, 0, 3, 2], "texture": "#5"},
				"south": {"uv": [0, 0, 2, 2], "texture": "#5"},
				"west": {"uv": [0, 0, 3, 2], "texture": "#5"},
				"up": {"uv": [0, 0, 2, 3], "texture": "#5"},
				"down": {"uv": [0, 0, 2, 3], "texture": "#5"}
			}
		},
		{
			"from": [8.032, 8.6, 1.88],
			"to": [8.928, 8.768, 2.44],
			"rotation": {"angle": 0, "axis": "y", "origin": [8.48, 3, 8.04]},
			"faces": {
				"north": {"uv": [0, 0, 1.6, 0.3], "texture": "#4"},
				"east": {"uv": [0, 0, 1, 0.3], "texture": "#missing"},
				"south": {"uv": [0, 0, 1.6, 0.3], "texture": "#missing"},
				"west": {"uv": [0, 0, 1, 0.3], "texture": "#missing"},
				"up": {"uv": [0, 0, 1.6, 1], "texture": "#4"},
				"down": {"uv": [0, 0, 1.6, 1], "texture": "#missing"}
			}
		},
		{
			"from": [8.032, 9.552, 1.88],
			"to": [8.928, 9.72, 2.44],
			"rotation": {"angle": 0, "axis": "y", "origin": [8.48, 3, 8.04]},
			"faces": {
				"north": {"uv": [0, 0, 1.6, 0.3], "texture": "#4"},
				"east": {"uv": [0, 0, 1, 0.3], "texture": "#missing"},
				"south": {"uv": [0, 0, 1.6, 0.3], "texture": "#missing"},
				"west": {"uv": [0, 0, 1, 0.3], "texture": "#missing"},
				"up": {"uv": [0, 0, 1.6, 1], "texture": "#missing"},
				"down": {"uv": [0, 0, 1.6, 1], "texture": "#4"}
			}
		},
		{
			"from": [8.928, 8.6, 1.88],
			"to": [9.096, 9.72, 2.44],
			"rotation": {"angle": 0, "axis": "y", "origin": [8.48, 3, 8.04]},
			"faces": {
				"north": {"uv": [0, 0, 0.3, 2], "texture": "#4"},
				"east": {"uv": [0, 0, 1, 2], "texture": "#missing"},
				"south": {"uv": [0, 0, 0.3, 2], "texture": "#missing"},
				"west": {"uv": [0, 0, 1, 2], "texture": "#4"},
				"up": {"uv": [0, 0, 0.3, 1], "texture": "#missing"},
				"down": {"uv": [0, 0, 0.3, 1], "texture": "#missing"}
			}
		},
		{
			"from": [7.864, 8.6, 1.88],
			"to": [8.032, 9.72, 2.44],
			"rotation": {"angle": 0, "axis": "y", "origin": [8.48, 3, 8.04]},
			"faces": {
				"north": {"uv": [0, 0, 0.3, 2], "texture": "#4"},
				"east": {"uv": [0, 0, 1, 2], "texture": "#4"},
				"south": {"uv": [0, 0, 0.3, 2], "texture": "#missing"},
				"west": {"uv": [0, 0, 1, 2], "texture": "#missing"},
				"up": {"uv": [0, 0, 0.3, 1], "texture": "#missing"},
				"down": {"uv": [0, 0, 0.3, 1], "texture": "#missing"}
			}
		},
		{
			"from": [9.096, 8.6, 1.32],
			"to": [9.264, 9.72, 3],
			"rotation": {"angle": 0, "axis": "y", "origin": [8.48, 3, 8.04]},
			"faces": {
				"north": {"uv": [0, 0, 0.3, 2], "texture": "#3"},
				"east": {"uv": [0, 0, 3, 2], "texture": "#3"},
				"south": {"uv": [0, 0, 0.3, 2], "texture": "#3"},
				"west": {"uv": [0, 0, 3, 2], "texture": "#3"},
				"up": {"uv": [0, 0, 0.3, 3], "texture": "#3"},
				"down": {"uv": [0, 0, 0.3, 3], "texture": "#3"}
			}
		},
		{
			"from": [9.096, 9.552, 3],
			"to": [9.264, 9.72, 8.6],
			"rotation": {"angle": 0, "axis": "y", "origin": [8.48, 3, 8.04]},
			"faces": {
				"north": {"uv": [0, 0, 0.3, 0.3], "texture": "#missing"},
				"east": {"uv": [0, 0, 10, 0.3], "texture": "#3"},
				"south": {"uv": [0, 0, 0.3, 0.3], "texture": "#missing"},
				"west": {"uv": [0, 0, 10, 0.3], "texture": "#3"},
				"up": {"uv": [0, 0, 0.3, 10], "texture": "#3"},
				"down": {"uv": [0, 0, 0.3, 10], "texture": "#3"}
			}
		},
		{
			"from": [7.696, 9.552, 3],
			"to": [7.864, 9.72, 8.6],
			"rotation": {"angle": 0, "axis": "y", "origin": [8.48, 3, 8.04]},
			"faces": {
				"north": {"uv": [0, 0, 0.3, 0.3], "texture": "#missing"},
				"east": {"uv": [0, 0, 10, 0.3], "texture": "#3"},
				"south": {"uv": [0, 0, 0.3, 0.3], "texture": "#missing"},
				"west": {"uv": [0, 0, 10, 0.3], "texture": "#3"},
				"up": {"uv": [0, 0, 0.3, 10], "texture": "#3"},
				"down": {"uv": [0, 0, 0.3, 10], "texture": "#3"}
			}
		},
		{
			"from": [9.096, 8.6, 3],
			"to": [9.264, 9.16, 8.6],
			"rotation": {"angle": 0, "axis": "y", "origin": [8.48, 3, 8.04]},
			"faces": {
				"north": {"uv": [0, 0, 0.3, 1], "texture": "#missing"},
				"east": {"uv": [0, 0, 10, 1], "texture": "#3"},
				"south": {"uv": [0, 0, 0.3, 1], "texture": "#missing"},
				"west": {"uv": [0, 0, 10, 1], "texture": "#3"},
				"up": {"uv": [0, 0, 0.3, 10], "texture": "#3"},
				"down": {"uv": [0, 0, 0.3, 10], "texture": "#3"}
			}
		},
		{
			"from": [7.696, 8.6, 3],
			"to": [7.864, 9.16, 8.6],
			"rotation": {"angle": 0, "axis": "y", "origin": [8.48, 3, 8.04]},
			"faces": {
				"north": {"uv": [0, 0, 0.3, 1], "texture": "#missing"},
				"east": {"uv": [0, 0, 10, 1], "texture": "#3"},
				"south": {"uv": [0, 0, 0.3, 1], "texture": "#missing"},
				"west": {"uv": [0, 0, 10, 1], "texture": "#3"},
				"up": {"uv": [0, 0, 0.3, 10], "texture": "#3"},
				"down": {"uv": [0, 0, 0.3, 10], "texture": "#3"}
			}
		},
		{
			"from": [9.096, 8.6, 8.6],
			"to": [9.264, 9.72, 10.28],
			"rotation": {"angle": 0, "axis": "y", "origin": [8.48, 3, 8.04]},
			"faces": {
				"north": {"uv": [0, 0, 0.3, 2], "texture": "#3"},
				"east": {"uv": [0, 0, 3, 2], "texture": "#3"},
				"south": {"uv": [0, 0, 0.3, 2], "texture": "#3"},
				"west": {"uv": [0, 0, 3, 2], "texture": "#missing"},
				"up": {"uv": [0, 0, 0.3, 3], "texture": "#3"},
				"down": {"uv": [0, 0, 0.3, 3], "texture": "#3"}
			}
		},
		{
			"from": [7.696, 8.6, 8.6],
			"to": [7.864, 9.72, 10.28],
			"rotation": {"angle": 0, "axis": "y", "origin": [8.48, 3, 8.04]},
			"faces": {
				"north": {"uv": [0, 0, 0.3, 2], "texture": "#3"},
				"east": {"uv": [0, 0, 3, 2], "texture": "#missing"},
				"south": {"uv": [0, 0, 0.3, 2], "texture": "#3"},
				"west": {"uv": [0, 0, 3, 2], "texture": "#3"},
				"up": {"uv": [0, 0, 0.3, 3], "texture": "#3"},
				"down": {"uv": [0, 0, 0.3, 3], "texture": "#3"}
			}
		},
		{
			"from": [7.696, 8.6, 1.32],
			"to": [7.864, 9.72, 3],
			"rotation": {"angle": 0, "axis": "y", "origin": [8.48, 3, 8.04]},
			"faces": {
				"north": {"uv": [0, 0, 0.3, 2], "texture": "#3"},
				"east": {"uv": [0, 0, 3, 2], "texture": "#3"},
				"south": {"uv": [0, 0, 0.3, 2], "texture": "#3"},
				"west": {"uv": [0, 0, 3, 2], "texture": "#3"},
				"up": {"uv": [0, 0, 0.3, 3], "texture": "#3"},
				"down": {"uv": [0, 0, 0.3, 3], "texture": "#3"}
			}
		},
		{
			"from": [8.032, 6.64, 6.248],
			"to": [8.928, 6.92, 8.768],
			"rotation": {"angle": 0, "axis": "y", "origin": [8.48, 3, 8.04]},
			"faces": {
				"north": {"uv": [0, 0, 1.6, 0.5], "texture": "#3"},
				"east": {"uv": [0, 0, 4.5, 0.5], "texture": "#3"},
				"south": {"uv": [0, 0, 1.6, 0.5], "texture": "#missing"},
				"west": {"uv": [0, 0, 4.5, 0.5], "texture": "#3"},
				"up": {"uv": [0, 0, 1.6, 4.5], "texture": "#3"},
				"down": {"uv": [0, 0, 1.6, 4.5], "texture": "#3"}
			}
		},
		{
			"from": [8.032, 7.76, 1.88],
			"to": [8.928, 8.04, 9.72],
			"rotation": {"angle": 0, "axis": "y", "origin": [8.48, 3, 8.04]},
			"faces": {
				"north": {"uv": [0, 0, 1.6, 0.5], "texture": "#3"},
				"east": {"uv": [0, 0, 14, 0.5], "texture": "#3"},
				"south": {"uv": [0, 0, 1.6, 0.5], "texture": "#3"},
				"west": {"uv": [0, 0, 14, 0.5], "texture": "#3"},
				"up": {"uv": [0, 0, 1.6, 14], "texture": "#missing"},
				"down": {"uv": [0, 0, 1.6, 14], "texture": "#3"}
			}
		},
		{
			"from": [8.032, 10, 1.32],
			"to": [8.928, 10.28, 9.72],
			"rotation": {"angle": 0, "axis": "y", "origin": [8.48, 3, 8.04]},
			"faces": {
				"north": {"uv": [0, 0, 1.6, 0.5], "texture": "#3"},
				"east": {"uv": [0, 0, 15, 0.5], "texture": "#3"},
				"south": {"uv": [0, 0, 1.6, 0.5], "texture": "#3"},
				"west": {"uv": [0, 0, 15, 0.5], "texture": "#3"},
				"up": {"uv": [0, 0, 1.6, 15], "texture": "#3"},
				"down": {"uv": [0, 0, 1.6, 15], "texture": "#missing"}
			}
		},
		{
			"from": [7.864, 9.72, 1.32],
			"to": [9.096, 10, 10.28],
			"rotation": {"angle": 0, "axis": "y", "origin": [8.48, 3, 8.04]},
			"faces": {
				"north": {"uv": [0, 0, 2.2, 0.5], "texture": "#3"},
				"east": {"uv": [0, 0, 16, 0.5], "texture": "#3"},
				"south": {"uv": [0, 0, 2.2, 0.5], "texture": "#3"},
				"west": {"uv": [0, 0, 16, 0.5], "texture": "#3"},
				"up": {"uv": [0, 0, 2.2, 16], "texture": "#3"},
				"down": {"uv": [0, 0, 2.2, 16], "texture": "#3"}
			}
		},
		{
			"from": [8.032, 10.28, 6.976],
			"to": [8.928, 10.392, 7.144],
			"rotation": {"angle": 0, "axis": "y", "origin": [8.48, 3, 8.04]},
			"faces": {
				"north": {"uv": [0, 0, 1.6, 0.2], "texture": "#3"},
				"east": {"uv": [0, 0, 0.3, 0.2], "texture": "#3"},
				"south": {"uv": [0, 0, 1.6, 0.2], "texture": "#3"},
				"west": {"uv": [0, 0, 0.3, 0.2], "texture": "#3"},
				"up": {"uv": [0, 0, 1.6, 0.3], "texture": "#3"},
				"down": {"uv": [0, 0, 1.6, 0.3], "texture": "#missing"}
			}
		},
		{
			"from": [7.92, 4.68, 9.72],
			"to": [9.04, 8.04, 11.4],
			"rotation": {"angle": -22.5, "axis": "x", "origin": [8.48, 3, 8.04]},
			"faces": {
				"north": {"uv": [0, 0, 2, 6], "texture": "#3"},
				"east": {"uv": [0, 0, 3, 6], "texture": "#3"},
				"south": {"uv": [0, 0, 2, 6], "texture": "#3"},
				"west": {"uv": [0, 0, 3, 6], "texture": "#3"},
				"up": {"uv": [0, 0, 2, 3], "texture": "#3"},
				"down": {"uv": [0, 0, 2, 3], "texture": "#3"}
			}
		},
		{
			"from": [8.032, 10.28, 6.192],
			"to": [8.928, 10.392, 6.36],
			"rotation": {"angle": 0, "axis": "y", "origin": [8.48, 3, 8.04]},
			"faces": {
				"north": {"uv": [0, 0, 1.6, 0.2], "texture": "#3"},
				"east": {"uv": [0, 0, 0.3, 0.2], "texture": "#3"},
				"south": {"uv": [0, 0, 1.6, 0.2], "texture": "#3"},
				"west": {"uv": [0, 0, 0.3, 0.2], "texture": "#3"},
				"up": {"uv": [0, 0, 1.6, 0.3], "texture": "#3"},
				"down": {"uv": [0, 0, 1.6, 0.3], "texture": "#missing"}
			}
		},
		{
			"from": [8.032, 10.28, 6.584],
			"to": [8.928, 10.392, 6.752],
			"rotation": {"angle": 0, "axis": "y", "origin": [8.48, 3, 8.04]},
			"faces": {
				"north": {"uv": [0, 0, 1.6, 0.2], "texture": "#3"},
				"east": {"uv": [0, 0, 0.3, 0.2], "texture": "#3"},
				"south": {"uv": [0, 0, 1.6, 0.2], "texture": "#3"},
				"west": {"uv": [0, 0, 0.3, 0.2], "texture": "#3"},
				"up": {"uv": [0, 0, 1.6, 0.3], "texture": "#3"},
				"down": {"uv": [0, 0, 1.6, 0.3], "texture": "#missing"}
			}
		},
		{
			"from": [8.256, 10.28, 9.16],
			"to": [8.368, 10.504, 9.72],
			"rotation": {"angle": 0, "axis": "y", "origin": [8.48, 3, 8.04]},
			"faces": {
				"north": {"uv": [0, 0, 0.2, 0.4], "texture": "#3"},
				"east": {"uv": [0, 0, 1, 0.4], "texture": "#3"},
				"south": {"uv": [0, 0, 0.2, 0.4], "texture": "#3"},
				"west": {"uv": [0, 0, 1, 0.4], "texture": "#3"},
				"up": {"uv": [0, 0, 0.2, 1], "texture": "#3"},
				"down": {"uv": [0, 0, 0.2, 1], "texture": "#missing"}
			}
		},
		{
			"from": [8.424, 10.28, 1.32],
			"to": [8.536, 10.504, 2.44],
			"rotation": {"angle": 0, "axis": "y", "origin": [8.48, 3, 8.04]},
			"faces": {
				"north": {"uv": [0, 0, 0.2, 0.4], "texture": "#3"},
				"east": {"uv": [0, 0, 2, 0.4], "texture": "#3"},
				"south": {"uv": [0, 0, 0.2, 0.4], "texture": "#3"},
				"west": {"uv": [0, 0, 2, 0.4], "texture": "#3"},
				"up": {"uv": [0, 0, 0.2, 2], "texture": "#3"},
				"down": {"uv": [0, 0, 0.2, 2], "texture": "#missing"}
			}
		},
		{
			"from": [8.592, 10.28, 9.16],
			"to": [8.704, 10.504, 9.72],
			"rotation": {"angle": 0, "axis": "y", "origin": [8.48, 3, 8.04]},
			"faces": {
				"north": {"uv": [0, 0, 0.2, 0.4], "texture": "#3"},
				"east": {"uv": [0, 0, 1, 0.4], "texture": "#3"},
				"south": {"uv": [0, 0, 0.2, 0.4], "texture": "#3"},
				"west": {"uv": [0, 0, 1, 0.4], "texture": "#3"},
				"up": {"uv": [0, 0, 0.2, 1], "texture": "#3"},
				"down": {"uv": [0, 0, 0.2, 1], "texture": "#missing"}
			}
		},
		{
			"from": [8.032, 10.28, 5.016],
			"to": [8.928, 10.392, 5.184],
			"rotation": {"angle": 0, "axis": "y", "origin": [8.48, 3, 8.04]},
			"faces": {
				"north": {"uv": [0, 0, 1.6, 0.2], "texture": "#3"},
				"east": {"uv": [0, 0, 0.3, 0.2], "texture": "#3"},
				"south": {"uv": [0, 0, 1.6, 0.2], "texture": "#3"},
				"west": {"uv": [0, 0, 0.3, 0.2], "texture": "#3"},
				"up": {"uv": [0, 0, 1.6, 0.3], "texture": "#3"},
				"down": {"uv": [0, 0, 1.6, 0.3], "texture": "#missing"}
			}
		},
		{
			"from": [8.032, 10.28, 7.368],
			"to": [8.928, 10.392, 7.536],
			"rotation": {"angle": 0, "axis": "y", "origin": [8.48, 3, 8.04]},
			"faces": {
				"north": {"uv": [0, 0, 1.6, 0.2], "texture": "#3"},
				"east": {"uv": [0, 0, 0.3, 0.2], "texture": "#3"},
				"south": {"uv": [0, 0, 1.6, 0.2], "texture": "#3"},
				"west": {"uv": [0, 0, 0.3, 0.2], "texture": "#3"},
				"up": {"uv": [0, 0, 1.6, 0.3], "texture": "#3"},
				"down": {"uv": [0, 0, 1.6, 0.3], "texture": "#missing"}
			}
		},
		{
			"from": [8.032, 10.28, 7.76],
			"to": [8.928, 10.392, 7.928],
			"rotation": {"angle": 0, "axis": "y", "origin": [8.48, 3, 8.04]},
			"faces": {
				"north": {"uv": [0, 0, 1.6, 0.2], "texture": "#3"},
				"east": {"uv": [0, 0, 0.3, 0.2], "texture": "#3"},
				"south": {"uv": [0, 0, 1.6, 0.2], "texture": "#3"},
				"west": {"uv": [0, 0, 0.3, 0.2], "texture": "#3"},
				"up": {"uv": [0, 0, 1.6, 0.3], "texture": "#3"},
				"down": {"uv": [0, 0, 1.6, 0.3], "texture": "#missing"}
			}
		},
		{
			"from": [8.032, 10.28, 5.8],
			"to": [8.928, 10.392, 5.968],
			"rotation": {"angle": 0, "axis": "y", "origin": [8.48, 3, 8.04]},
			"faces": {
				"north": {"uv": [0, 0, 1.6, 0.2], "texture": "#3"},
				"east": {"uv": [0, 0, 0.3, 0.2], "texture": "#3"},
				"south": {"uv": [0, 0, 1.6, 0.2], "texture": "#3"},
				"west": {"uv": [0, 0, 0.3, 0.2], "texture": "#3"},
				"up": {"uv": [0, 0, 1.6, 0.3], "texture": "#3"},
				"down": {"uv": [0, 0, 1.6, 0.3], "texture": "#missing"}
			}
		},
		{
			"from": [8.032, 10.28, 5.408],
			"to": [8.928, 10.392, 5.576],
			"rotation": {"angle": 0, "axis": "y", "origin": [8.48, 3, 8.04]},
			"faces": {
				"north": {"uv": [0, 0, 1.6, 0.2], "texture": "#3"},
				"east": {"uv": [0, 0, 0.3, 0.2], "texture": "#3"},
				"south": {"uv": [0, 0, 1.6, 0.2], "texture": "#3"},
				"west": {"uv": [0, 0, 0.3, 0.2], "texture": "#3"},
				"up": {"uv": [0, 0, 1.6, 0.3], "texture": "#3"},
				"down": {"uv": [0, 0, 1.6, 0.3], "texture": "#missing"}
			}
		},
		{
			"from": [7.864, 8.04, 1.32],
			"to": [9.096, 8.6, 9.72],
			"rotation": {"angle": 0, "axis": "y", "origin": [8.48, 3, 8.04]},
			"faces": {
				"north": {"uv": [0, 0, 2.2, 1], "texture": "#3"},
				"east": {"uv": [0, 0, 15, 1], "texture": "#3"},
				"south": {"uv": [0, 0, 2.2, 1], "texture": "#3"},
				"west": {"uv": [0, 0, 15, 1], "texture": "#3"},
				"up": {"uv": [0, 0, 2.2, 15], "texture": "#3"},
				"down": {"uv": [0, 0, 2.2, 15], "texture": "#3"}
			}
		},
		{
			"from": [8.032, 7.032, 7.48],
			"to": [8.928, 7.76, 7.648],
			"rotation": {"angle": 0, "axis": "y", "origin": [8.48, 3, 8.04]},
			"faces": {
				"north": {"uv": [0, 0, 1.6, 1.3], "texture": "#3"},
				"east": {"uv": [0, 0, 0.3, 1.3], "texture": "#3"},
				"south": {"uv": [0, 0, 1.6, 1.3], "texture": "#3"},
				"west": {"uv": [0, 0, 0.3, 1.3], "texture": "#3"},
				"up": {"uv": [0, 0, 1.6, 0.3], "texture": "#missing"},
				"down": {"uv": [0, 0, 1.6, 0.3], "texture": "#3"}
			}
		},
		{
			"from": [8.032, 6.92, 6.36],
			"to": [8.928, 7.76, 6.92],
			"rotation": {"angle": 0, "axis": "y", "origin": [8.48, 3, 8.04]},
			"faces": {
				"north": {"uv": [0, 0, 1.6, 1.5], "texture": "#3"},
				"east": {"uv": [0, 0, 1, 1.5], "texture": "#3"},
				"south": {"uv": [0, 0, 1.6, 1.5], "texture": "#3"},
				"west": {"uv": [0, 0, 1, 1.5], "texture": "#3"},
				"up": {"uv": [0, 0, 1.6, 1], "texture": "#missing"},
				"down": {"uv": [0, 0, 1.6, 1], "texture": "#missing"}
			}
		},
		{
			"from": [8.144, 5.24, 11.4],
			"to": [8.816, 8.04, 11.512],
			"rotation": {"angle": -22.5, "axis": "x", "origin": [8.48, 3, 8.04]},
			"faces": {
				"north": {"uv": [0, 0, 1.2, 5], "texture": "#missing"},
				"east": {"uv": [0, 0, 0.2, 5], "texture": "#3"},
				"south": {"uv": [0, 0, 1.2, 5], "texture": "#3"},
				"west": {"uv": [0, 0, 0.2, 5], "texture": "#3"},
				"up": {"uv": [0, 0, 1.2, 0.2], "texture": "#missing"},
				"down": {"uv": [0, 0, 1.2, 0.2], "texture": "#3"}
			}
		}
	],
	"display": {
		"firstperson_righthand": {
			"translation": [0, 3.75, 1.25]
		},
		"firstperson_lefthand": {
			"translation": [0, 3.75, 1.25]
		},
		"gui": {
			"rotation": [90, 51.25, -90],
			"translation": [2, -2, 0],
			"scale": [1.55, 1.55, 1.55]
		}
	},
	"groups": [
		{
			"name": "bone",
			"origin": [0, 0, 0],
			"color": 0,
			"children": [0, 1, 2, 3, 4, 5, 6, 7, 8, 9, 10, 11, 12, 13, 14, 15, 16, 17, 18, 19, 20, 21, 22, 23, 24, 25, 26, 27, 28, 29, 30, 31, 32, 33, 34, 35, 36, 37, 38]
		}
	]
}