{
	"credit": "Made with Blockbench",
	"textures": {
		"2": "gunmodel/104",
		"3": "gunmodel/4",
		"4": "gunmodel/55",
		"particle": "gunmodel/55"
	},
	"elements": [
		{
			"from": [7.2, 13.8, 8.5],
			"to": [7.8, 14.4, 11.5],
			"faces": {
				"east": {"uv": [0, 2, 2, 7], "rotation": 270, "texture": "#3"},
				"south": {"uv": [0, 0, 2, 2], "texture": "#missing"},
				"west": {"uv": [0, 2, 2, 7], "rotation": 90, "texture": "#3"},
				"up": {"uv": [0, 2, 2, 7], "rotation": 180, "texture": "#3"},
				"down": {"uv": [0, 2, 2, 7], "texture": "#3"}
			}
		},
		{
			"from": [7, 13.6, 11.4],
			"to": [8, 14.6, 12.6],
			"faces": {
				"north": {"uv": [0, 13, 2, 15], "rotation": 180, "texture": "#3"},
				"east": {"uv": [0, 7, 2, 13], "rotation": 270, "texture": "#3"},
				"south": {"uv": [11, 3, 13, 5], "texture": "#4"},
				"west": {"uv": [0, 7, 2, 13], "rotation": 90, "texture": "#3"},
				"up": {"uv": [0, 7, 2, 13], "rotation": 180, "texture": "#3"},
				"down": {"uv": [0, 7, 2, 13], "texture": "#3"}
			}
		},
		{
			"from": [7, 13.6, 6.4],
			"to": [8, 14.6, 8.6],
			"faces": {
				"north": {"uv": [11, 3, 13, 5], "rotation": 180, "texture": "#4"},
				"east": {"uv": [0, 7, 2, 13], "rotation": 270, "texture": "#3"},
				"south": {"uv": [0, 5, 2, 7], "texture": "#3"},
				"west": {"uv": [0, 7, 2, 13], "rotation": 90, "texture": "#3"},
				"up": {"uv": [0, 7, 2, 13], "rotation": 180, "texture": "#3"},
				"down": {"uv": [0, 7, 2, 13], "texture": "#3"}
			}
		},
		{
			"from": [7, 11.5, 0],
			"to": [8, 12.5, 13],
			"faces": {
				"north": {"uv": [10, 9, 11, 11], "rotation": 180, "texture": "#2"},
				"east": {"uv": [8, 2, 10, 15], "rotation": 270, "texture": "#2"},
				"south": {"uv": [5, 10, 6, 12], "texture": "#missing"},
				"west": {"uv": [8, 2, 10, 15], "rotation": 90, "texture": "#2"},
				"up": {"uv": [8, 2, 10, 15], "rotation": 180, "texture": "#2"},
				"down": {"uv": [8, 2, 10, 15], "texture": "#2"}
			}
		},
		{
			"from": [7.2, 13.1, 10.5],
			"to": [7.8, 13.8, 11.1],
			"faces": {
				"north": {"uv": [11, 7, 12, 8], "rotation": 180, "texture": "#3"},
				"east": {"uv": [9, 10, 10, 11], "rotation": 270, "texture": "#3"},
				"south": {"uv": [10, 9, 11, 10], "texture": "#3"},
				"west": {"uv": [11, 9, 12, 10], "rotation": 90, "texture": "#3"},
				"up": {"uv": [0, 0, 1, 1], "rotation": 180, "texture": "#missing"},
				"down": {"uv": [0, 0, 1, 1], "texture": "#missing"}
			}
		},
		{
			"from": [7.3, 14.4, 9.8],
			"to": [7.7, 14.8, 10.2],
			"faces": {
				"north": {"uv": [11, 7, 12, 8], "rotation": 180, "texture": "#3"},
				"east": {"uv": [9, 10, 10, 11], "rotation": 270, "texture": "#3"},
				"south": {"uv": [10, 9, 11, 10], "texture": "#3"},
				"west": {"uv": [11, 9, 12, 10], "rotation": 90, "texture": "#3"},
				"up": {"uv": [0, 0, 1, 1], "rotation": 180, "texture": "#3"},
				"down": {"uv": [0, 0, 1, 1], "texture": "#missing"}
			}
		},
		{
			"from": [6.8, 13.9, 9.8],
			"to": [7.2, 14.3, 10.2],
			"faces": {
				"north": {"uv": [11, 7, 12, 8], "rotation": 180, "texture": "#3"},
				"east": {"uv": [9, 10, 10, 11], "rotation": 270, "texture": "#3"},
				"south": {"uv": [10, 9, 11, 10], "texture": "#3"},
				"west": {"uv": [11, 9, 12, 10], "rotation": 90, "texture": "#3"},
				"up": {"uv": [0, 0, 1, 1], "rotation": 180, "texture": "#3"},
				"down": {"uv": [0, 0, 1, 1], "texture": "#missing"}
			}
		},
		{
			"from": [7.8, 13.9, 9.8],
			"to": [8.2, 14.3, 10.2],
			"faces": {
				"north": {"uv": [11, 7, 12, 8], "rotation": 180, "texture": "#3"},
				"east": {"uv": [9, 10, 10, 11], "rotation": 270, "texture": "#3"},
				"south": {"uv": [10, 9, 11, 10], "texture": "#3"},
				"west": {"uv": [11, 9, 12, 10], "rotation": 90, "texture": "#3"},
				"up": {"uv": [0, 0, 1, 1], "rotation": 180, "texture": "#3"},
				"down": {"uv": [0, 0, 1, 1], "texture": "#missing"}
			}
		},
		{
			"from": [7.2, 13.1, 8.7],
			"to": [7.8, 13.8, 9.3],
			"faces": {
				"north": {"uv": [8, 10, 9, 11], "rotation": 180, "texture": "#3"},
				"east": {"uv": [10, 9, 11, 10], "rotation": 270, "texture": "#3"},
				"south": {"uv": [9, 10, 10, 11], "texture": "#3"},
				"west": {"uv": [5, 9, 6, 10], "rotation": 90, "texture": "#3"},
				"up": {"uv": [0, 0, 1, 1], "rotation": 180, "texture": "#missing"},
				"down": {"uv": [0, 0, 1, 1], "texture": "#missing"}
			}
		},
		{
			"from": [7.2, 12.5, -5],
			"to": [7.8, 13.1, 0],
			"faces": {
				"north": {"uv": [0, 0, 0.6, 0.6], "rotation": 180, "texture": "#3"},
				"east": {"uv": [0, 0, 0.6, 5], "rotation": 270, "texture": "#3"},
				"south": {"uv": [0, 0, 0.6, 0.6], "texture": "#missing"},
				"west": {"uv": [0, 0, 0.6, 5], "rotation": 90, "texture": "#3"},
				"up": {"uv": [0, 0, 0.6, 5], "rotation": 180, "texture": "#3"},
				"down": {"uv": [0, 0, 0.6, 5], "texture": "#3"}
			}
		},
		{
			"from": [7, 12.3, -6],
			"to": [8, 13.3, -5],
			"faces": {
				"north": {"uv": [3, 9, 5, 9.8], "rotation": 180, "texture": "#3"},
				"east": {"uv": [4, 9, 4.8, 10], "rotation": 270, "texture": "#3"},
				"south": {"uv": [3, 9, 5, 9.8], "texture": "#3"},
				"west": {"uv": [4, 9, 4.8, 10], "rotation": 90, "texture": "#3"},
				"up": {"uv": [3, 9, 5, 10], "rotation": 180, "texture": "#3"},
				"down": {"uv": [3, 9, 5, 10], "texture": "#3"}
			}
		},
		{
			"from": [7, 10.5, 15],
			"to": [8, 12.5, 19],
			"faces": {
				"north": {"uv": [9, 8, 10, 11], "rotation": 180, "texture": "#2"},
				"east": {"uv": [9, 7, 12, 11], "rotation": 270, "texture": "#2"},
				"south": {"uv": [9, 8, 10, 11], "texture": "#missing"},
				"west": {"uv": [9, 8, 12, 11], "rotation": 90, "texture": "#2"},
				"up": {"uv": [9, 8, 10, 11], "rotation": 180, "texture": "#2"},
				"down": {"uv": [9, 8, 10, 11], "texture": "#2"}
			}
		},
		{
			"from": [7, 10, 19],
			"to": [8, 12.5, 20],
			"faces": {
				"north": {"uv": [10, 6, 11, 10], "rotation": 180, "texture": "#2"},
				"east": {"uv": [7, 6, 10, 8], "rotation": 270, "texture": "#2"},
				"south": {"uv": [10, 6, 11, 10], "texture": "#2"},
				"west": {"uv": [7, 10, 10, 12], "rotation": 90, "texture": "#2"},
				"up": {"uv": [10, 6, 11, 12], "rotation": 180, "texture": "#2"},
				"down": {"uv": [10, 6, 11, 12], "texture": "#2"}
			}
		},
		{
			"from": [7, 9.5, 15],
			"to": [8, 10.5, 16],
			"faces": {
				"north": {"uv": [11, 10, 12, 11], "texture": "#2"},
				"east": {"uv": [9, 10, 10, 11], "texture": "#2"},
				"south": {"uv": [11, 9, 12, 10], "texture": "#2"},
				"west": {"uv": [9, 10, 10, 11], "texture": "#2"},
				"up": {"uv": [8, 11, 9, 12], "texture": "#missing"},
				"down": {"uv": [10, 9, 11, 10], "texture": "#2"}
			}
		},
		{
			"from": [7, 9, 13],
			"to": [8, 10, 15],
			"faces": {
				"north": {"uv": [10, 9, 11, 10], "texture": "#missing"},
				"east": {"uv": [8, 10, 11, 11], "texture": "#2"},
				"south": {"uv": [9, 11, 10, 12], "texture": "#2"},
				"west": {"uv": [8, 10, 11, 11], "texture": "#2"},
				"up": {"uv": [9, 7, 10, 10], "texture": "#2"},
				"down": {"uv": [11, 8, 12, 11], "texture": "#2"}
			}
		},
		{
			"from": [7, 8.5, 12],
			"to": [8, 11, 13],
			"faces": {
				"north": {"uv": [8, 8, 9, 11], "texture": "#2"},
				"east": {"uv": [9, 6, 10, 9], "texture": "#2"},
				"south": {"uv": [11, 8, 12, 11], "texture": "#2"},
				"west": {"uv": [8, 8, 9, 11], "texture": "#2"},
				"up": {"uv": [0, 0, 1, 1], "texture": "#missing"},
				"down": {"uv": [9, 10, 10, 11], "texture": "#2"}
			}
		},
		{
			"from": [7, 10, 11],
			"to": [8, 10.5, 12],
			"faces": {
				"north": {"uv": [9, 10, 10, 11], "texture": "#missing"},
				"east": {"uv": [10, 10, 11, 11], "texture": "#2"},
				"south": {"uv": [0, 0, 1, 1], "texture": "#missing"},
				"west": {"uv": [8, 10, 9, 11], "texture": "#2"},
				"up": {"uv": [9, 9, 10, 10], "texture": "#2"},
				"down": {"uv": [11, 9, 12, 10], "texture": "#2"}
			}
		},
		{
			"from": [7, 10, 10.5],
			"to": [8, 11, 11],
			"faces": {
				"north": {"uv": [10, 10, 11, 12], "texture": "#2"},
				"east": {"uv": [7, 10, 12, 12], "texture": "#2"},
				"south": {"uv": [11, 7, 12, 9], "texture": "#2"},
				"west": {"uv": [7, 10, 12, 12], "texture": "#2"},
				"up": {"uv": [0, 0, 1, 5], "texture": "#missing"},
				"down": {"uv": [8, 7, 9, 12], "texture": "#2"}
			}
		},
		{
			"from": [6.9, 11.2, -4],
			"to": [7.2, 11.5, 1],
			"faces": {
				"north": {"uv": [9, 9, 10, 10], "texture": "#3"},
				"east": {"uv": [9, 9, 11, 10], "texture": "#3"},
				"south": {"uv": [8, 14, 9, 15], "texture": "#3"},
				"west": {"uv": [10, 10, 12, 11], "texture": "#3"},
				"up": {"uv": [7, 12, 8, 15], "texture": "#3"},
				"down": {"uv": [10, 8, 11, 10], "texture": "#3"}
			}
		},
		{
			"from": [7.8, 11.2, -4],
			"to": [8.1, 11.5, 1],
			"faces": {
				"north": {"uv": [9, 9, 10, 10], "texture": "#3"},
				"east": {"uv": [9, 9, 11, 10], "texture": "#3"},
				"south": {"uv": [8, 14, 9, 15], "texture": "#3"},
				"west": {"uv": [10, 10, 12, 11], "texture": "#3"},
				"up": {"uv": [7, 12, 8, 15], "texture": "#3"},
				"down": {"uv": [10, 8, 11, 10], "texture": "#3"}
			}
		},
		{
			"from": [7, 11.5, 13],
			"to": [8, 12.5, 15],
			"faces": {
				"north": {"uv": [0, 0, 1, 1], "texture": "#missing"},
				"east": {"uv": [9, 10, 11, 11], "texture": "#2"},
				"south": {"uv": [0, 0, 1, 1], "texture": "#missing"},
				"west": {"uv": [9, 10, 11, 11], "texture": "#2"},
				"up": {"uv": [11, 9, 12, 11], "texture": "#2"},
				"down": {"uv": [11, 9, 12, 11], "texture": "#2"}
			}
		},
		{
			"from": [7.2, 9, 9],
			"to": [7.8, 11, 10.5],
			"faces": {
				"north": {"uv": [0, 8, 1, 10], "texture": "#3"},
				"east": {"uv": [0, 8, 1.5, 10], "texture": "#3"},
				"south": {"uv": [0, 8, 1, 10], "texture": "#3"},
				"west": {"uv": [0, 8, 1.5, 10], "texture": "#3"},
				"up": {"uv": [0, 0, 1, 1.5], "texture": "#missing"},
				"down": {"uv": [0, 8, 1, 9.5], "texture": "#3"}
			}
		},
		{
			"from": [7.2, 11.3, 0],
			"to": [7.8, 11.5, 0.5],
			"faces": {
				"north": {"uv": [0, 8, 1, 10], "texture": "#3"},
				"east": {"uv": [0, 8, 1.5, 10], "texture": "#3"},
				"south": {"uv": [0, 8, 1, 10], "texture": "#3"},
				"west": {"uv": [0, 8, 1.5, 10], "texture": "#3"},
				"up": {"uv": [0, 0, 1, 1.5], "texture": "#missing"},
				"down": {"uv": [0, 8, 1, 9.5], "texture": "#3"}
			}
		},
		{
			"from": [7, 11, 7],
			"to": [8, 11.5, 13],
			"faces": {
				"north": {"uv": [6, 11, 7, 11.5], "texture": "#2"},
				"east": {"uv": [6, 11, 12, 11.5], "texture": "#2"},
				"south": {"uv": [0, 0, 1, 0.5], "texture": "#2"},
				"west": {"uv": [6, 11, 12, 11.5], "texture": "#2"},
				"up": {"uv": [0, 0, 1, 6], "texture": "#missing"},
				"down": {"uv": [12, 6, 13, 12], "texture": "#2"}
			}
		},
		{
			"from": [7.2, 12.5, 0],
			"to": [7.8, 13.1, 13],
			"faces": {
				"north": {"uv": [0, 0, 0.6, 0.6], "texture": "#missing"},
				"east": {"uv": [0, 0, 13, 0.6], "texture": "#3"},
				"south": {"uv": [0, 0, 0.6, 0.6], "texture": "#3"},
				"west": {"uv": [0, 0, 13, 0.6], "texture": "#3"},
				"up": {"uv": [0, 0, 0.6, 13], "texture": "#3"},
				"down": {"uv": [0, 0, 0.6, 13], "texture": "#missing"}
			}
		},
		{
			"from": [7.2, 12.5, 15],
			"to": [7.8, 12.9, 20],
			"faces": {
				"north": {"uv": [0, 0, 0.6, 0.4], "texture": "#3"},
				"east": {"uv": [0, 0, 5, 0.4], "texture": "#3"},
				"south": {"uv": [0, 0, 0.6, 0.4], "texture": "#3"},
				"west": {"uv": [0, 0, 5, 0.4], "texture": "#3"},
				"up": {"uv": [0, 0, 0.6, 5], "texture": "#3"},
				"down": {"uv": [0, 0, 0.6, 5], "texture": "#missing"}
			}
		},
		{
			"from": [7.2, 10, 20],
			"to": [7.8, 12.5, 21.2],
			"faces": {
				"north": {"uv": [0, 0, 0.6, 2.5], "texture": "#missing"},
				"east": {"uv": [0, 0, 1.2, 2.5], "texture": "#3"},
				"south": {"uv": [0, 0, 0.6, 2.5], "texture": "#3"},
				"west": {"uv": [5, 4, 6.2, 6.5], "texture": "#3"},
				"up": {"uv": [0, 0, 0.6, 1.2], "texture": "#3"},
				"down": {"uv": [0, 0, 0.6, 1.2], "texture": "#3"}
			}
		},
		{
			"from": [7, 10.5, 11.3],
			"to": [8, 11, 11.4],
			"faces": {
				"north": {"uv": [0, 0, 1, 0.5], "texture": "#3"},
				"east": {"uv": [0, 0, 0.1, 0.5], "texture": "#3"},
				"south": {"uv": [0, 0, 1, 0.5], "texture": "#3"},
				"west": {"uv": [0, 0, 0.1, 0.5], "texture": "#3"},
				"up": {"uv": [0, 0, 1, 0.1], "texture": "#missing"},
				"down": {"uv": [0, 0, 1, 0.1], "texture": "#missing"}
			}
		},
		{
			"from": [7, 14.4, 12.6],
			"to": [8, 14.6, 12.8],
			"faces": {
				"north": {"uv": [0, 0, 1, 0.2], "texture": "#3"},
				"east": {"uv": [0, 0, 0.2, 0.2], "texture": "#3"},
				"south": {"uv": [0, 0, 1, 0.2], "texture": "#3"},
				"west": {"uv": [0, 0, 0.2, 0.2], "texture": "#3"},
				"up": {"uv": [0, 0, 1, 0.2], "texture": "#3"},
				"down": {"uv": [0, 0, 1, 0.2], "texture": "#3"}
			}
		},
		{
			"from": [7, 14.4, 6.2],
			"to": [8, 14.6, 6.4],
			"faces": {
				"north": {"uv": [0, 0, 1, 0.2], "texture": "#3"},
				"east": {"uv": [0, 0, 0.2, 0.2], "texture": "#3"},
				"south": {"uv": [0, 0, 1, 0.2], "texture": "#3"},
				"west": {"uv": [0, 0, 0.2, 0.2], "texture": "#3"},
				"up": {"uv": [0, 0, 1, 0.2], "texture": "#3"},
				"down": {"uv": [0, 0, 1, 0.2], "texture": "#3"}
			}
		},
		{
			"from": [7, 13.6, 6.2],
			"to": [8, 13.8, 6.4],
			"faces": {
				"north": {"uv": [0, 0, 1, 0.2], "texture": "#3"},
				"east": {"uv": [0, 0, 0.2, 0.2], "texture": "#3"},
				"south": {"uv": [0, 0, 1, 0.2], "texture": "#3"},
				"west": {"uv": [0, 0, 0.2, 0.2], "texture": "#3"},
				"up": {"uv": [0, 0, 1, 0.2], "texture": "#3"},
				"down": {"uv": [0, 0, 1, 0.2], "texture": "#3"}
			}
		},
		{
			"from": [7, 13.6, 12.6],
			"to": [8, 13.8, 12.8],
			"faces": {
				"north": {"uv": [0, 0, 1, 0.2], "texture": "#3"},
				"east": {"uv": [0, 0, 0.2, 0.2], "texture": "#3"},
				"south": {"uv": [0, 0, 1, 0.2], "texture": "#3"},
				"west": {"uv": [0, 0, 0.2, 0.2], "texture": "#3"},
				"up": {"uv": [0, 0, 1, 0.2], "texture": "#3"},
				"down": {"uv": [0, 0, 1, 0.2], "texture": "#3"}
			}
		},
		{
			"from": [7, 13.8, 12.6],
			"to": [7.2, 14.4, 12.8],
			"faces": {
				"north": {"uv": [0, 0, 0.2, 0.6], "texture": "#3"},
				"east": {"uv": [0, 0, 0.2, 0.6], "texture": "#3"},
				"south": {"uv": [0, 0, 0.2, 0.6], "texture": "#3"},
				"west": {"uv": [0, 0, 0.2, 0.6], "texture": "#3"},
				"up": {"uv": [0, 0, 0.2, 0.2], "texture": "#3"},
				"down": {"uv": [0, 0, 0.2, 0.2], "texture": "#3"}
			}
		},
		{
			"from": [7, 13.8, 6.2],
			"to": [7.2, 14.4, 6.4],
			"faces": {
				"north": {"uv": [0, 0, 0.2, 0.6], "texture": "#3"},
				"east": {"uv": [0, 0, 0.2, 0.6], "texture": "#3"},
				"south": {"uv": [0, 0, 0.2, 0.6], "texture": "#3"},
				"west": {"uv": [0, 0, 0.2, 0.6], "texture": "#3"},
				"up": {"uv": [0, 0, 0.2, 0.2], "texture": "#3"},
				"down": {"uv": [0, 0, 0.2, 0.2], "texture": "#3"}
			}
		},
		{
			"from": [7.8, 13.8, 6.2],
			"to": [8, 14.4, 6.4],
			"faces": {
				"north": {"uv": [0, 0, 0.2, 0.6], "texture": "#3"},
				"east": {"uv": [0, 0, 0.2, 0.6], "texture": "#3"},
				"south": {"uv": [0, 0, 0.2, 0.6], "texture": "#3"},
				"west": {"uv": [0, 0, 0.2, 0.6], "texture": "#3"},
				"up": {"uv": [0, 0, 0.2, 0.2], "texture": "#3"},
				"down": {"uv": [0, 0, 0.2, 0.2], "texture": "#3"}
			}
		},
		{
			"from": [7.8, 13.8, 12.6],
			"to": [8, 14.4, 12.8],
			"faces": {
				"north": {"uv": [0, 0, 0.2, 0.6], "texture": "#3"},
				"east": {"uv": [0, 0, 0.2, 0.6], "texture": "#3"},
				"south": {"uv": [0, 0, 0.2, 0.6], "texture": "#3"},
				"west": {"uv": [0, 0, 0.2, 0.6], "texture": "#3"},
				"up": {"uv": [0, 0, 0.2, 0.2], "texture": "#3"},
				"down": {"uv": [0, 0, 0.2, 0.2], "texture": "#3"}
			}
		}
	],
	"gui_light": "front",
	"display": {
		"thirdperson_righthand": {
			"translation": [0, -2.25, -1.75]
		},
		"thirdperson_lefthand": {
			"translation": [0, -2.25, -1.75]
		},
		"firstperson_righthand": {
			"translation": [0, 0.5, 0]
		},
		"firstperson_lefthand": {
			"translation": [0, 0, -0.75]
		},
		"gui": {
			"rotation": [90, 49.5, -90],
			"translation": [-1.75, -2.25, 0],
			"scale": [0.75, 0.75, 0.75]
		},
		"head": {
			"rotation": [13.25, 12.5, 9],
			"translation": [3.5, -8.75, -21.75],
			"scale": [1.6, 1.6, 1.6]
		},
		"fixed": {
			"translation": [0, 0, -1.5],
			"scale": [1.5, 1.5, 1.5]
		}
	}
}