{
    "parent": "item/generated",
    "textures": {
        "layer0": "item/potion_overlay",
        "layer1": "item/potion"
    },
    "overrides": [
        { "predicate": {"custom_model_data": 801}, "model": "item/disposable_shield"},
        { "predicate": {"custom_model_data": 802}, "model": "item/recovery_agent"},
        { "predicate": {"custom_model_data": 803}, "model": "item/maximum"},
        { "predicate": {"custom_model_data": 804}, "model": "item/strong"},
        { "predicate": {"custom_model_data": 805}, "model": "item/instant_invincible"},
        { "predicate": {"custom_model_data": 806}, "model": "item/energy_drink"}
    ]
}
