{
	"credit": "Made with Blockbench",
	"textures": {
		"0": "gunmodel/71",
		"1": "gunmodel/72",
		"2": "gunmodel/52",
		"3": "gunmodel/53",
		"5": "gunmodel/73"
	},
	"elements": [
		{
			"from": [8.6326, 7.79312, 8.42883],
			"to": [9.37889, 7.87641, 10.52776],
			"rotation": {"angle": 0, "axis": "y", "origin": [8.99075, 4.62806, 9.9214]},
			"faces": {
				"north": {"uv": [0, 0, 1.6, 0.5], "texture": "#missing"},
				"east": {"uv": [0, 0, 4.5, 0.5], "texture": "#0"},
				"south": {"uv": [0, 0, 1.6, 0.5], "texture": "#missing"},
				"west": {"uv": [0, 0, 16, 16], "texture": "#0"},
				"up": {"uv": [0, 0, 1.6, 4.5], "texture": "#0"},
				"down": {"uv": [0, 0, 1.6, 4.5], "texture": "#0"}
			}
		},
		{
			"from": [8.7742, 11.12476, 7.38935],
			"to": [9.27394, 11.95767, 7.72252],
			"rotation": {"angle": 0, "axis": "y", "origin": [8.99075, 4.62806, 9.9214]},
			"faces": {
				"north": {"uv": [0, 0, 1.6, 0.5], "texture": "#1"},
				"east": {"uv": [0, 0, 15, 0.5], "texture": "#1"},
				"south": {"uv": [0, 0, 1.6, 0.5], "texture": "#1"},
				"west": {"uv": [0, 0, 16, 16], "texture": "#1"},
				"up": {"uv": [0, 0, 1.6, 15], "texture": "#1"},
				"down": {"uv": [0, 0, 1.6, 15], "texture": "#missing"}
			}
		},
		{
			"from": [8.7742, 11.12476, 11.31236],
			"to": [9.27394, 12.1659, 12.14527],
			"rotation": {"angle": 0, "axis": "y", "origin": [8.99075, 4.62806, 9.9214]},
			"faces": {
				"north": {"uv": [0, 0, 1.6, 0.5], "texture": "#1"},
				"east": {"uv": [0, 0, 15, 0.5], "texture": "#1"},
				"south": {"uv": [0, 0, 1.6, 0.5], "texture": "#1"},
				"west": {"uv": [0, 0, 16, 16], "texture": "#1"},
				"up": {"uv": [0, 0, 1.6, 15], "texture": "#1"},
				"down": {"uv": [0, 0, 1.6, 15], "texture": "#missing"}
			}
		},
		{
			"from": [8.50766, 7.69317, 10.05467],
			"to": [9.50716, 8.82593, 11.97036],
			"rotation": {"angle": 0, "axis": "y", "origin": [8.99075, 4.62806, 9.9214]},
			"faces": {
				"north": {"uv": [0, 0, 2, 6], "texture": "#0"},
				"east": {"uv": [0, 0, 3, 6], "texture": "#0"},
				"south": {"uv": [0, 0, 2, 6], "texture": "#0"},
				"west": {"uv": [0, 0, 16, 16], "texture": "#0"},
				"up": {"uv": [0, 0, 2, 3], "texture": "#missing"},
				"down": {"uv": [0, 0, 2, 3], "texture": "#0"}
			}
		},
		{
			"from": [8.50766, 8.79261, 6.55644],
			"to": [9.53381, 10.70831, 12.5534],
			"rotation": {"angle": 0, "axis": "y", "origin": [8.99075, 4.62806, 9.9214]},
			"faces": {
				"north": {"uv": [0, 0, 2.2, 1], "texture": "#0"},
				"east": {"uv": [0, 0, 15, 1], "texture": "#0"},
				"south": {"uv": [0, 0, 2.2, 1], "texture": "#0"},
				"west": {"uv": [0, 0, 16, 16], "texture": "#0"},
				"up": {"uv": [0, 0, 2.2, 15], "texture": "#0"},
				"down": {"uv": [0, 0, 2.2, 15], "texture": "#0"}
			}
		},
		{
			"from": [8.50766, 9.20907, 0.89265],
			"to": [9.50716, 10.20856, 5.89011],
			"rotation": {"angle": 0, "axis": "y", "origin": [8.99075, 4.62806, 9.9214]},
			"faces": {
				"north": {"uv": [0, 0, 2.2, 1], "texture": "#1"},
				"east": {"uv": [0, 0, 15, 1], "texture": "#1"},
				"south": {"uv": [0, 0, 2.2, 1], "texture": "#missing"},
				"west": {"uv": [0, 0, 16, 16], "texture": "#1"},
				"up": {"uv": [0, 0, 2.2, 15], "texture": "#1"},
				"down": {"uv": [0, 0, 2.2, 15], "texture": "#1"}
			}
		},
		{
			"from": [8.84083, 9.62552, -2.60557],
			"to": [9.25728, 10.04198, -1.60608],
			"rotation": {"angle": 0, "axis": "y", "origin": [8.99075, 4.62806, 9.9214]},
			"faces": {
				"north": {"uv": [0, 0, 2.2, 1], "texture": "#missing"},
				"east": {"uv": [0, 0, 15, 1], "texture": "#2"},
				"south": {"uv": [0, 0, 2.2, 1], "texture": "#missing"},
				"west": {"uv": [0, 0, 16, 16], "texture": "#2"},
				"up": {"uv": [0, 0, 2.2, 15], "texture": "#2"},
				"down": {"uv": [0, 0, 2.2, 15], "texture": "#2"}
			}
		},
		{
			"from": [8.79918, 9.58388, -5.10431],
			"to": [9.29893, 10.08363, -2.60557],
			"rotation": {"angle": 0, "axis": "y", "origin": [8.99075, 4.62806, 9.9214]},
			"faces": {
				"north": {"uv": [0, 0, 2.2, 1], "texture": "#0"},
				"east": {"uv": [0, 0, 15, 1], "texture": "#0"},
				"south": {"uv": [0, 0, 2.2, 1], "texture": "#0"},
				"west": {"uv": [0, 0, 16, 16], "texture": "#0"},
				"up": {"uv": [0, 0, 2.2, 15], "texture": "#0"},
				"down": {"uv": [0, 0, 2.2, 15], "texture": "#0"}
			}
		},
		{
			"from": [8.79918, 9.58388, -1.77266],
			"to": [9.29893, 10.08363, 0.05974],
			"rotation": {"angle": 0, "axis": "y", "origin": [8.99075, 4.62806, 9.9214]},
			"faces": {
				"north": {"uv": [0, 0, 2.2, 1], "texture": "#1"},
				"east": {"uv": [0, 0, 15, 1], "texture": "#1"},
				"south": {"uv": [0, 0, 2.2, 1], "texture": "#missing"},
				"west": {"uv": [0, 0, 16, 16], "texture": "#1"},
				"up": {"uv": [0, 0, 2.2, 15], "texture": "#1"},
				"down": {"uv": [0, 0, 2.2, 15], "texture": "#1"}
			}
		},
		{
			"from": [8.75754, 9.54223, -0.10684],
			"to": [9.34057, 10.12527, 1.72556],
			"rotation": {"angle": 0, "axis": "y", "origin": [8.99075, 4.62806, 9.9214]},
			"faces": {
				"north": {"uv": [0, 0, 2.2, 1], "texture": "#3"},
				"east": {"uv": [0, 0, 15, 1], "texture": "#3"},
				"south": {"uv": [0, 0, 2.2, 1], "texture": "#missing"},
				"west": {"uv": [0, 0, 16, 16], "texture": "#3"},
				"up": {"uv": [0, 0, 2.2, 15], "texture": "#3"},
				"down": {"uv": [0, 0, 2.2, 15], "texture": "#3"}
			}
		},
		{
			"from": [8.88247, 9.70882, -0.14849],
			"to": [9.21564, 11.95767, 0.01809],
			"rotation": {"angle": 0, "axis": "y", "origin": [8.99075, 4.62806, 9.9214]},
			"faces": {
				"north": {"uv": [0, 0, 2.2, 1], "texture": "#0"},
				"east": {"uv": [0, 0, 15, 1], "texture": "#0"},
				"south": {"uv": [0, 0, 2.2, 1], "texture": "#0"},
				"west": {"uv": [0, 0, 16, 16], "texture": "#0"},
				"up": {"uv": [0, 0, 2.2, 15], "texture": "#0"},
				"down": {"uv": [0, 0, 2.2, 15], "texture": "#missing"}
			}
		},
		{
			"from": [8.92412, 12.87388, 3.39138],
			"to": [9.17399, 15.12273, 3.55796],
			"rotation": {"angle": -22.5, "axis": "x", "origin": [8.99075, 4.62806, 9.9214]},
			"faces": {
				"north": {"uv": [0, 0, 2.2, 1], "texture": "#0"},
				"east": {"uv": [0, 0, 15, 1], "texture": "#0"},
				"south": {"uv": [0, 0, 2.2, 1], "texture": "#0"},
				"west": {"uv": [0, 0, 16, 16], "texture": "#0"},
				"up": {"uv": [0, 0, 2.2, 15], "texture": "#0"},
				"down": {"uv": [0, 0, 2.2, 15], "texture": "#missing"}
			}
		},
		{
			"from": [8.50766, 9.29236, 12.71998],
			"to": [9.53381, 10.37514, 18.71694],
			"rotation": {"angle": 0, "axis": "y", "origin": [8.99075, 4.62806, 9.9214]},
			"faces": {
				"north": {"uv": [0, 0, 2.2, 1], "texture": "#3"},
				"east": {"uv": [0, 0, 15, 1], "texture": "#3"},
				"south": {"uv": [0, 0, 2.2, 1], "texture": "#3"},
				"west": {"uv": [0, 0, 16, 16], "texture": "#3"},
				"up": {"uv": [0, 0, 2.2, 15], "texture": "#3"},
				"down": {"uv": [0, 0, 2.2, 15], "texture": "#3"}
			}
		},
		{
			"from": [8.59096, 8.45945, 13.55289],
			"to": [9.42387, 9.29236, 18.71694],
			"rotation": {"angle": 0, "axis": "y", "origin": [8.99075, 4.62806, 9.9214]},
			"faces": {
				"north": {"uv": [0, 0, 2.2, 1], "texture": "#3"},
				"east": {"uv": [0, 0, 15, 1], "texture": "#3"},
				"south": {"uv": [0, 0, 2.2, 1], "texture": "#3"},
				"west": {"uv": [0, 0, 16, 16], "texture": "#3"},
				"up": {"uv": [0, 0, 2.2, 15], "texture": "#missing"},
				"down": {"uv": [0, 0, 2.2, 15], "texture": "#3"}
			}
		},
		{
			"from": [8.67425, 7.62654, 15.21871],
			"to": [9.34057, 8.45945, 18.71694],
			"rotation": {"angle": 0, "axis": "y", "origin": [8.99075, 4.62806, 9.9214]},
			"faces": {
				"north": {"uv": [0, 0, 2.2, 1], "texture": "#3"},
				"east": {"uv": [0, 0, 15, 1], "texture": "#3"},
				"south": {"uv": [0, 0, 2.2, 1], "texture": "#3"},
				"west": {"uv": [0, 0, 16, 16], "texture": "#3"},
				"up": {"uv": [0, 0, 2.2, 15], "texture": "#missing"},
				"down": {"uv": [0, 0, 2.2, 15], "texture": "#3"}
			}
		},
		{
			"from": [8.75754, 6.79363, 16.88454],
			"to": [9.25728, 7.62654, 18.71694],
			"rotation": {"angle": 0, "axis": "y", "origin": [8.99075, 4.62806, 9.9214]},
			"faces": {
				"north": {"uv": [0, 0, 2.2, 1], "texture": "#3"},
				"east": {"uv": [0, 0, 15, 1], "texture": "#3"},
				"south": {"uv": [0, 0, 2.2, 1], "texture": "#3"},
				"west": {"uv": [0, 0, 16, 16], "texture": "#3"},
				"up": {"uv": [0, 0, 2.2, 15], "texture": "#missing"},
				"down": {"uv": [0, 0, 2.2, 15], "texture": "#3"}
			}
		},
		{
			"from": [8.59096, 9.45894, 12.38682],
			"to": [9.42387, 10.29185, 12.71998],
			"rotation": {"angle": 0, "axis": "y", "origin": [8.99075, 4.62806, 9.9214]},
			"faces": {
				"north": {"uv": [0, 0, 2.2, 1], "texture": "#missing"},
				"east": {"uv": [0, 0, 15, 1], "texture": "#2"},
				"south": {"uv": [0, 0, 2.2, 1], "texture": "#missing"},
				"west": {"uv": [0, 0, 16, 16], "texture": "#2"},
				"up": {"uv": [0, 0, 2.2, 15], "texture": "#2"},
				"down": {"uv": [0, 0, 2.2, 15], "texture": "#2"}
			}
		},
		{
			"from": [8.42437, 9.12578, 5.89011],
			"to": [9.59045, 10.29185, 6.55644],
			"rotation": {"angle": 0, "axis": "y", "origin": [8.99075, 4.62806, 9.9214]},
			"faces": {
				"north": {"uv": [0, 0, 2.2, 1], "texture": "#2"},
				"east": {"uv": [0, 0, 15, 1], "texture": "#2"},
				"south": {"uv": [0, 0, 2.2, 1], "texture": "#2"},
				"west": {"uv": [0, 0, 16, 16], "texture": "#2"},
				"up": {"uv": [0, 0, 2.2, 15], "texture": "#2"},
				"down": {"uv": [0, 0, 2.2, 15], "texture": "#2"}
			}
		},
		{
			"from": [8.88247, 7.9597, 9.45497],
			"to": [9.13235, 8.8759, 9.5949],
			"rotation": {"angle": 0, "axis": "y", "origin": [8.99075, 4.62806, 9.9214]},
			"faces": {
				"north": {"uv": [0, 0, 1.6, 1.3], "texture": "#1"},
				"east": {"uv": [0, 0, 0.3, 1.3], "texture": "#1"},
				"south": {"uv": [0, 0, 1.6, 1.3], "texture": "#1"},
				"west": {"uv": [0, 0, 16, 16], "texture": "#1"},
				"up": {"uv": [0, 0, 1.6, 0.3], "texture": "#missing"},
				"down": {"uv": [0, 0, 1.6, 0.3], "texture": "#0"}
			}
		},
		{
			"from": [8.50766, 7.29337, 6.85629],
			"to": [9.50716, 8.79261, 8.77199],
			"rotation": {"angle": 0, "axis": "y", "origin": [8.99075, 4.62806, 9.9214]},
			"faces": {
				"north": {"uv": [0, 0, 1.6, 1.5], "texture": "#0"},
				"east": {"uv": [0, 0, 1, 1.5], "texture": "#0"},
				"south": {"uv": [0, 0, 1.6, 1.5], "texture": "#0"},
				"west": {"uv": [0, 0, 16, 16], "texture": "#0"},
				"up": {"uv": [0, 0, 1.6, 1], "texture": "#missing"},
				"down": {"uv": [0, 0, 1.6, 1], "texture": "#0"}
			}
		},
		{
			"from": [8.61761, 2.89561, 6.0567],
			"to": [9.3639, 6.92689, 7.72252],
			"rotation": {"angle": 22.5, "axis": "x", "origin": [8.99075, 4.62806, 9.9214]},
			"faces": {
				"north": {"uv": [0, 0, 1.6, 1.5], "texture": "#1"},
				"east": {"uv": [0, 0, 1, 1.5], "texture": "#1"},
				"south": {"uv": [0, 0, 1.6, 1.5], "texture": "#1"},
				"west": {"uv": [0, 0, 16, 16], "texture": "#1"},
				"up": {"uv": [0, 0, 1.6, 1], "texture": "#missing"},
				"down": {"uv": [0, 0, 1.6, 1], "texture": "#1"}
			}
		},
		{
			"from": [8.61761, 4.79464, 11.55391],
			"to": [9.3639, 7.70983, 12.80327],
			"rotation": {"angle": -22.5, "axis": "x", "origin": [8.99075, 4.62806, 9.9214]},
			"faces": {
				"north": {"uv": [0, 0, 1.6, 1.5], "texture": "#3"},
				"east": {"uv": [0, 0, 1, 1.5], "texture": "#3"},
				"south": {"uv": [0, 0, 1.6, 1.5], "texture": "#3"},
				"west": {"uv": [0, 0, 16, 16], "texture": "#3"},
				"up": {"uv": [0, 0, 1.6, 1], "texture": "#missing"},
				"down": {"uv": [0, 0, 1.6, 1], "texture": "#3"}
			}
		},
		{
			"from": [8.34108, 9.29236, 0.9926],
			"to": [8.50766, 10.12527, 5.72353],
			"rotation": {"angle": 0, "axis": "y", "origin": [18.98568, 7.9597, 9.9214]},
			"faces": {
				"north": {"uv": [0, 0, 0.3, 2], "texture": "#0"},
				"east": {"uv": [0, 0, 3, 2], "texture": "#missing"},
				"south": {"uv": [0, 0, 0.3, 2], "texture": "#0"},
				"west": {"uv": [0, 0, 16, 16], "texture": "#0"},
				"up": {"uv": [0, 0, 0.3, 3], "texture": "#0"},
				"down": {"uv": [0, 0, 0.3, 3], "texture": "#0"}
			}
		},
		{
			"from": [8.2478, 9.39231, 1.21249],
			"to": [8.34108, 10.05864, 1.35242],
			"rotation": {"angle": 0, "axis": "y", "origin": [25.64897, 7.9597, 9.9214]},
			"faces": {
				"north": {"uv": [0, 0, 1.6, 0.2], "rotation": 90, "texture": "#3"},
				"east": {"uv": [0, 0, 1.6, 0.3], "rotation": 270, "texture": "#missing"},
				"south": {"uv": [0, 0, 1.6, 0.2], "rotation": 270, "texture": "#3"},
				"west": {"uv": [0, 0, 1.6, 0.3], "rotation": 270, "texture": "#0"},
				"up": {"uv": [0, 0, 0.3, 0.2], "rotation": 270, "texture": "#3"},
				"down": {"uv": [0, 0, 16, 16], "rotation": 270, "texture": "#0"}
			}
		},
		{
			"from": [8.2478, 9.39231, 1.42571],
			"to": [8.34108, 10.05864, 1.56564],
			"rotation": {"angle": 0, "axis": "y", "origin": [25.64897, 7.9597, 9.9214]},
			"faces": {
				"north": {"uv": [0, 0, 1.6, 0.2], "rotation": 90, "texture": "#3"},
				"east": {"uv": [0, 0, 1.6, 0.3], "rotation": 270, "texture": "#missing"},
				"south": {"uv": [0, 0, 1.6, 0.2], "rotation": 270, "texture": "#0"},
				"west": {"uv": [0, 0, 1.6, 0.3], "rotation": 270, "texture": "#0"},
				"up": {"uv": [0, 0, 0.3, 0.2], "rotation": 270, "texture": "#3"},
				"down": {"uv": [0, 0, 16, 16], "rotation": 270, "texture": "#0"}
			}
		},
		{
			"from": [8.2478, 9.39231, 1.62894],
			"to": [8.34108, 10.05864, 1.76887],
			"rotation": {"angle": 0, "axis": "y", "origin": [25.64897, 7.9597, 9.9214]},
			"faces": {
				"north": {"uv": [0, 0, 1.6, 0.2], "rotation": 90, "texture": "#3"},
				"east": {"uv": [0, 0, 1.6, 0.3], "rotation": 270, "texture": "#missing"},
				"south": {"uv": [0, 0, 1.6, 0.2], "rotation": 270, "texture": "#3"},
				"west": {"uv": [0, 0, 1.6, 0.3], "rotation": 270, "texture": "#0"},
				"up": {"uv": [0, 0, 0.3, 0.2], "rotation": 270, "texture": "#3"},
				"down": {"uv": [0, 0, 16, 16], "rotation": 270, "texture": "#0"}
			}
		},
		{
			"from": [8.2478, 9.39231, 1.84217],
			"to": [8.34108, 10.05864, 1.9821],
			"rotation": {"angle": 0, "axis": "y", "origin": [25.64897, 7.9597, 9.9214]},
			"faces": {
				"north": {"uv": [0, 0, 1.6, 0.2], "rotation": 90, "texture": "#3"},
				"east": {"uv": [0, 0, 1.6, 0.3], "rotation": 270, "texture": "#missing"},
				"south": {"uv": [0, 0, 1.6, 0.2], "rotation": 270, "texture": "#3"},
				"west": {"uv": [0, 0, 1.6, 0.3], "rotation": 270, "texture": "#0"},
				"up": {"uv": [0, 0, 0.3, 0.2], "rotation": 270, "texture": "#3"},
				"down": {"uv": [0, 0, 16, 16], "rotation": 270, "texture": "#0"}
			}
		},
		{
			"from": [8.2478, 9.39231, 2.0454],
			"to": [8.34108, 10.05864, 2.18533],
			"rotation": {"angle": 0, "axis": "y", "origin": [25.64897, 7.9597, 9.9214]},
			"faces": {
				"north": {"uv": [0, 0, 1.6, 0.2], "rotation": 90, "texture": "#3"},
				"east": {"uv": [0, 0, 1.6, 0.3], "rotation": 270, "texture": "#missing"},
				"south": {"uv": [0, 0, 1.6, 0.2], "rotation": 270, "texture": "#3"},
				"west": {"uv": [0, 0, 1.6, 0.3], "rotation": 270, "texture": "#0"},
				"up": {"uv": [0, 0, 0.3, 0.2], "rotation": 270, "texture": "#3"},
				"down": {"uv": [0, 0, 16, 16], "rotation": 270, "texture": "#0"}
			}
		},
		{
			"from": [8.2478, 9.39231, 2.25862],
			"to": [8.34108, 10.05864, 2.39855],
			"rotation": {"angle": 0, "axis": "y", "origin": [25.64897, 7.9597, 9.9214]},
			"faces": {
				"north": {"uv": [0, 0, 1.6, 0.2], "rotation": 90, "texture": "#3"},
				"east": {"uv": [0, 0, 1.6, 0.3], "rotation": 270, "texture": "#missing"},
				"south": {"uv": [0, 0, 1.6, 0.2], "rotation": 270, "texture": "#3"},
				"west": {"uv": [0, 0, 1.6, 0.3], "rotation": 270, "texture": "#0"},
				"up": {"uv": [0, 0, 0.3, 0.2], "rotation": 270, "texture": "#3"},
				"down": {"uv": [0, 0, 16, 16], "rotation": 270, "texture": "#0"}
			}
		},
		{
			"from": [8.2478, 9.39231, 2.46185],
			"to": [8.34108, 10.05864, 2.60178],
			"rotation": {"angle": 0, "axis": "y", "origin": [25.64897, 7.9597, 9.9214]},
			"faces": {
				"north": {"uv": [0, 0, 1.6, 0.2], "rotation": 90, "texture": "#3"},
				"east": {"uv": [0, 0, 1.6, 0.3], "rotation": 270, "texture": "#missing"},
				"south": {"uv": [0, 0, 1.6, 0.2], "rotation": 270, "texture": "#3"},
				"west": {"uv": [0, 0, 1.6, 0.3], "rotation": 270, "texture": "#0"},
				"up": {"uv": [0, 0, 0.3, 0.2], "rotation": 270, "texture": "#3"},
				"down": {"uv": [0, 0, 16, 16], "rotation": 270, "texture": "#0"}
			}
		},
		{
			"from": [8.2478, 9.39231, 2.67508],
			"to": [8.34108, 10.05864, 2.81501],
			"rotation": {"angle": 0, "axis": "y", "origin": [25.64897, 7.9597, 9.9214]},
			"faces": {
				"north": {"uv": [0, 0, 1.6, 0.2], "rotation": 90, "texture": "#3"},
				"east": {"uv": [0, 0, 1.6, 0.3], "rotation": 270, "texture": "#missing"},
				"south": {"uv": [0, 0, 1.6, 0.2], "rotation": 270, "texture": "#3"},
				"west": {"uv": [0, 0, 1.6, 0.3], "rotation": 270, "texture": "#0"},
				"up": {"uv": [0, 0, 0.3, 0.2], "rotation": 270, "texture": "#3"},
				"down": {"uv": [0, 0, 16, 16], "rotation": 270, "texture": "#0"}
			}
		},
		{
			"from": [8.2478, 9.39231, 2.87831],
			"to": [8.34108, 10.05864, 3.01824],
			"rotation": {"angle": 0, "axis": "y", "origin": [25.64897, 7.9597, 9.9214]},
			"faces": {
				"north": {"uv": [0, 0, 1.6, 0.2], "rotation": 90, "texture": "#3"},
				"east": {"uv": [0, 0, 1.6, 0.3], "rotation": 270, "texture": "#missing"},
				"south": {"uv": [0, 0, 1.6, 0.2], "rotation": 270, "texture": "#3"},
				"west": {"uv": [0, 0, 1.6, 0.3], "rotation": 270, "texture": "#0"},
				"up": {"uv": [0, 0, 0.3, 0.2], "rotation": 270, "texture": "#3"},
				"down": {"uv": [0, 0, 16, 16], "rotation": 270, "texture": "#0"}
			}
		},
		{
			"from": [8.2478, 9.39231, 3.09153],
			"to": [8.34108, 10.05864, 3.23146],
			"rotation": {"angle": 0, "axis": "y", "origin": [25.64897, 7.9597, 9.9214]},
			"faces": {
				"north": {"uv": [0, 0, 1.6, 0.2], "rotation": 90, "texture": "#3"},
				"east": {"uv": [0, 0, 1.6, 0.3], "rotation": 270, "texture": "#missing"},
				"south": {"uv": [0, 0, 1.6, 0.2], "rotation": 270, "texture": "#3"},
				"west": {"uv": [0, 0, 1.6, 0.3], "rotation": 270, "texture": "#0"},
				"up": {"uv": [0, 0, 0.3, 0.2], "rotation": 270, "texture": "#3"},
				"down": {"uv": [0, 0, 16, 16], "rotation": 270, "texture": "#0"}
			}
		},
		{
			"from": [8.2478, 9.39231, 3.29476],
			"to": [8.34108, 10.05864, 3.43469],
			"rotation": {"angle": 0, "axis": "y", "origin": [25.64897, 7.9597, 9.9214]},
			"faces": {
				"north": {"uv": [0, 0, 1.6, 0.2], "rotation": 90, "texture": "#3"},
				"east": {"uv": [0, 0, 1.6, 0.3], "rotation": 270, "texture": "#missing"},
				"south": {"uv": [0, 0, 1.6, 0.2], "rotation": 270, "texture": "#3"},
				"west": {"uv": [0, 0, 1.6, 0.3], "rotation": 270, "texture": "#0"},
				"up": {"uv": [0, 0, 0.3, 0.2], "rotation": 270, "texture": "#3"},
				"down": {"uv": [0, 0, 16, 16], "rotation": 270, "texture": "#0"}
			}
		},
		{
			"from": [8.2478, 9.39231, 3.50799],
			"to": [8.34108, 10.05864, 3.64792],
			"rotation": {"angle": 0, "axis": "y", "origin": [25.64897, 7.9597, 9.9214]},
			"faces": {
				"north": {"uv": [0, 0, 1.6, 0.2], "rotation": 90, "texture": "#3"},
				"east": {"uv": [0, 0, 1.6, 0.3], "rotation": 270, "texture": "#missing"},
				"south": {"uv": [0, 0, 1.6, 0.2], "rotation": 270, "texture": "#3"},
				"west": {"uv": [0, 0, 1.6, 0.3], "rotation": 270, "texture": "#0"},
				"up": {"uv": [0, 0, 0.3, 0.2], "rotation": 270, "texture": "#3"},
				"down": {"uv": [0, 0, 16, 16], "rotation": 270, "texture": "#0"}
			}
		},
		{
			"from": [8.2478, 9.39231, 3.71122],
			"to": [8.34108, 10.05864, 3.85115],
			"rotation": {"angle": 0, "axis": "y", "origin": [25.64897, 7.9597, 9.9214]},
			"faces": {
				"north": {"uv": [0, 0, 1.6, 0.2], "rotation": 90, "texture": "#3"},
				"east": {"uv": [0, 0, 1.6, 0.3], "rotation": 270, "texture": "#missing"},
				"south": {"uv": [0, 0, 1.6, 0.2], "rotation": 270, "texture": "#3"},
				"west": {"uv": [0, 0, 1.6, 0.3], "rotation": 270, "texture": "#0"},
				"up": {"uv": [0, 0, 0.3, 0.2], "rotation": 270, "texture": "#3"},
				"down": {"uv": [0, 0, 16, 16], "rotation": 270, "texture": "#0"}
			}
		},
		{
			"from": [8.2478, 9.39231, 3.92444],
			"to": [8.34108, 10.05864, 4.06437],
			"rotation": {"angle": 0, "axis": "y", "origin": [25.64897, 7.9597, 9.9214]},
			"faces": {
				"north": {"uv": [0, 0, 1.6, 0.2], "rotation": 90, "texture": "#3"},
				"east": {"uv": [0, 0, 1.6, 0.3], "rotation": 270, "texture": "#missing"},
				"south": {"uv": [0, 0, 1.6, 0.2], "rotation": 270, "texture": "#3"},
				"west": {"uv": [0, 0, 1.6, 0.3], "rotation": 270, "texture": "#0"},
				"up": {"uv": [0, 0, 0.3, 0.2], "rotation": 270, "texture": "#3"},
				"down": {"uv": [0, 0, 16, 16], "rotation": 270, "texture": "#0"}
			}
		},
		{
			"from": [8.2478, 9.39231, 4.12768],
			"to": [8.34108, 10.05864, 4.2676],
			"rotation": {"angle": 0, "axis": "y", "origin": [25.64897, 7.9597, 9.9214]},
			"faces": {
				"north": {"uv": [0, 0, 1.6, 0.2], "rotation": 90, "texture": "#3"},
				"east": {"uv": [0, 0, 1.6, 0.3], "rotation": 270, "texture": "#missing"},
				"south": {"uv": [0, 0, 1.6, 0.2], "rotation": 270, "texture": "#3"},
				"west": {"uv": [0, 0, 1.6, 0.3], "rotation": 270, "texture": "#0"},
				"up": {"uv": [0, 0, 0.3, 0.2], "rotation": 270, "texture": "#3"},
				"down": {"uv": [0, 0, 16, 16], "rotation": 270, "texture": "#0"}
			}
		},
		{
			"from": [8.2478, 9.39231, 4.3409],
			"to": [8.34108, 10.05864, 4.48083],
			"rotation": {"angle": 0, "axis": "y", "origin": [25.64897, 7.9597, 9.9214]},
			"faces": {
				"north": {"uv": [0, 0, 1.6, 0.2], "rotation": 90, "texture": "#3"},
				"east": {"uv": [0, 0, 1.6, 0.3], "rotation": 270, "texture": "#missing"},
				"south": {"uv": [0, 0, 1.6, 0.2], "rotation": 270, "texture": "#3"},
				"west": {"uv": [0, 0, 1.6, 0.3], "rotation": 270, "texture": "#0"},
				"up": {"uv": [0, 0, 0.3, 0.2], "rotation": 270, "texture": "#3"},
				"down": {"uv": [0, 0, 16, 16], "rotation": 270, "texture": "#0"}
			}
		},
		{
			"from": [8.2478, 9.39231, 4.54413],
			"to": [8.34108, 10.05864, 4.68406],
			"rotation": {"angle": 0, "axis": "y", "origin": [25.64897, 7.9597, 9.9214]},
			"faces": {
				"north": {"uv": [0, 0, 1.6, 0.2], "rotation": 90, "texture": "#3"},
				"east": {"uv": [0, 0, 1.6, 0.3], "rotation": 270, "texture": "#missing"},
				"south": {"uv": [0, 0, 1.6, 0.2], "rotation": 270, "texture": "#3"},
				"west": {"uv": [0, 0, 1.6, 0.3], "rotation": 270, "texture": "#0"},
				"up": {"uv": [0, 0, 0.3, 0.2], "rotation": 270, "texture": "#3"},
				"down": {"uv": [0, 0, 16, 16], "rotation": 270, "texture": "#0"}
			}
		},
		{
			"from": [8.2478, 9.39231, 4.75736],
			"to": [8.34108, 10.05864, 4.89728],
			"rotation": {"angle": 0, "axis": "y", "origin": [25.64897, 7.9597, 9.9214]},
			"faces": {
				"north": {"uv": [0, 0, 1.6, 0.2], "rotation": 90, "texture": "#3"},
				"east": {"uv": [0, 0, 1.6, 0.3], "rotation": 270, "texture": "#missing"},
				"south": {"uv": [0, 0, 1.6, 0.2], "rotation": 270, "texture": "#3"},
				"west": {"uv": [0, 0, 1.6, 0.3], "rotation": 270, "texture": "#0"},
				"up": {"uv": [0, 0, 0.3, 0.2], "rotation": 270, "texture": "#3"},
				"down": {"uv": [0, 0, 16, 16], "rotation": 270, "texture": "#0"}
			}
		},
		{
			"from": [8.2478, 9.39231, 4.96059],
			"to": [8.34108, 10.05864, 5.10051],
			"rotation": {"angle": 0, "axis": "y", "origin": [25.64897, 7.9597, 9.9214]},
			"faces": {
				"north": {"uv": [0, 0, 1.6, 0.2], "rotation": 90, "texture": "#3"},
				"east": {"uv": [0, 0, 1.6, 0.3], "rotation": 270, "texture": "#missing"},
				"south": {"uv": [0, 0, 1.6, 0.2], "rotation": 270, "texture": "#3"},
				"west": {"uv": [0, 0, 1.6, 0.3], "rotation": 270, "texture": "#0"},
				"up": {"uv": [0, 0, 0.3, 0.2], "rotation": 270, "texture": "#3"},
				"down": {"uv": [0, 0, 16, 16], "rotation": 270, "texture": "#0"}
			}
		},
		{
			"from": [8.2478, 9.39231, 5.17381],
			"to": [8.34108, 10.05864, 5.31374],
			"rotation": {"angle": 0, "axis": "y", "origin": [25.64897, 7.9597, 9.9214]},
			"faces": {
				"north": {"uv": [0, 0, 1.6, 0.2], "rotation": 90, "texture": "#3"},
				"east": {"uv": [0, 0, 1.6, 0.3], "rotation": 270, "texture": "#missing"},
				"south": {"uv": [0, 0, 1.6, 0.2], "rotation": 270, "texture": "#3"},
				"west": {"uv": [0, 0, 1.6, 0.3], "rotation": 270, "texture": "#0"},
				"up": {"uv": [0, 0, 0.3, 0.2], "rotation": 270, "texture": "#3"},
				"down": {"uv": [0, 0, 16, 16], "rotation": 270, "texture": "#0"}
			}
		},
		{
			"from": [8.2478, 9.39231, 5.37704],
			"to": [8.34108, 10.05864, 5.51697],
			"rotation": {"angle": 0, "axis": "y", "origin": [25.64897, 7.9597, 9.9214]},
			"faces": {
				"north": {"uv": [0, 0, 1.6, 0.2], "rotation": 90, "texture": "#3"},
				"east": {"uv": [0, 0, 1.6, 0.3], "rotation": 270, "texture": "#missing"},
				"south": {"uv": [0, 0, 1.6, 0.2], "rotation": 270, "texture": "#0"},
				"west": {"uv": [0, 0, 1.6, 0.3], "rotation": 270, "texture": "#0"},
				"up": {"uv": [0, 0, 0.3, 0.2], "rotation": 270, "texture": "#3"},
				"down": {"uv": [0, 0, 16, 16], "rotation": 270, "texture": "#0"}
			}
		},
		{
			"from": [9.50716, 9.29236, 0.9926],
			"to": [9.67374, 10.12527, 5.72353],
			"rotation": {"angle": 0, "axis": "y", "origin": [11.5228, 7.9597, 9.9214]},
			"faces": {
				"north": {"uv": [0.3, 0, 0, 2], "texture": "#0"},
				"east": {"uv": [16, 0, 0, 16], "texture": "#0"},
				"south": {"uv": [0.3, 0, 0, 2], "texture": "#0"},
				"west": {"uv": [3, 0, 0, 2], "texture": "#missing"},
				"up": {"uv": [0.3, 0, 0, 3], "texture": "#0"},
				"down": {"uv": [0.3, 0, 0, 3], "texture": "#0"}
			}
		},
		{
			"from": [9.67374, 9.39231, 1.21249],
			"to": [9.76703, 10.05864, 1.35242],
			"rotation": {"angle": 0, "axis": "y", "origin": [4.85952, 7.9597, 9.9214]},
			"faces": {
				"north": {"uv": [0, 0.2, 1.6, 0], "rotation": 90, "texture": "#3"},
				"east": {"uv": [0, 0.3, 1.6, 0], "rotation": 270, "texture": "#0"},
				"south": {"uv": [0, 0.2, 1.6, 0], "rotation": 270, "texture": "#3"},
				"west": {"uv": [0, 0.3, 1.6, 0], "rotation": 270, "texture": "#missing"},
				"up": {"uv": [0, 0.2, 0.3, 0], "rotation": 270, "texture": "#3"},
				"down": {"uv": [0, 16, 16, 0], "rotation": 270, "texture": "#0"}
			}
		},
		{
			"from": [9.67374, 9.39231, 1.42571],
			"to": [9.76703, 10.05864, 1.56564],
			"rotation": {"angle": 0, "axis": "y", "origin": [4.85952, 7.9597, 9.9214]},
			"faces": {
				"north": {"uv": [0, 0.2, 1.6, 0], "rotation": 90, "texture": "#3"},
				"east": {"uv": [0, 0.3, 1.6, 0], "rotation": 270, "texture": "#0"},
				"south": {"uv": [0, 0.2, 1.6, 0], "rotation": 270, "texture": "#0"},
				"west": {"uv": [0, 0.3, 1.6, 0], "rotation": 270, "texture": "#missing"},
				"up": {"uv": [0, 0.2, 0.3, 0], "rotation": 270, "texture": "#3"},
				"down": {"uv": [0, 16, 16, 0], "rotation": 270, "texture": "#0"}
			}
		},
		{
			"from": [9.67374, 9.39231, 1.62894],
			"to": [9.76703, 10.05864, 1.76887],
			"rotation": {"angle": 0, "axis": "y", "origin": [4.85952, 7.9597, 9.9214]},
			"faces": {
				"north": {"uv": [0, 0.2, 1.6, 0], "rotation": 90, "texture": "#3"},
				"east": {"uv": [0, 0.3, 1.6, 0], "rotation": 270, "texture": "#0"},
				"south": {"uv": [0, 0.2, 1.6, 0], "rotation": 270, "texture": "#3"},
				"west": {"uv": [0, 0.3, 1.6, 0], "rotation": 270, "texture": "#missing"},
				"up": {"uv": [0, 0.2, 0.3, 0], "rotation": 270, "texture": "#3"},
				"down": {"uv": [0, 16, 16, 0], "rotation": 270, "texture": "#0"}
			}
		},
		{
			"from": [9.67374, 9.39231, 1.84217],
			"to": [9.76703, 10.05864, 1.9821],
			"rotation": {"angle": 0, "axis": "y", "origin": [4.85952, 7.9597, 9.9214]},
			"faces": {
				"north": {"uv": [0, 0.2, 1.6, 0], "rotation": 90, "texture": "#3"},
				"east": {"uv": [0, 0.3, 1.6, 0], "rotation": 270, "texture": "#0"},
				"south": {"uv": [0, 0.2, 1.6, 0], "rotation": 270, "texture": "#3"},
				"west": {"uv": [0, 0.3, 1.6, 0], "rotation": 270, "texture": "#missing"},
				"up": {"uv": [0, 0.2, 0.3, 0], "rotation": 270, "texture": "#3"},
				"down": {"uv": [0, 16, 16, 0], "rotation": 270, "texture": "#0"}
			}
		},
		{
			"from": [9.67374, 9.39231, 2.0454],
			"to": [9.76703, 10.05864, 2.18533],
			"rotation": {"angle": 0, "axis": "y", "origin": [4.85952, 7.9597, 9.9214]},
			"faces": {
				"north": {"uv": [0, 0.2, 1.6, 0], "rotation": 90, "texture": "#3"},
				"east": {"uv": [0, 0.3, 1.6, 0], "rotation": 270, "texture": "#0"},
				"south": {"uv": [0, 0.2, 1.6, 0], "rotation": 270, "texture": "#3"},
				"west": {"uv": [0, 0.3, 1.6, 0], "rotation": 270, "texture": "#missing"},
				"up": {"uv": [0, 0.2, 0.3, 0], "rotation": 270, "texture": "#3"},
				"down": {"uv": [0, 16, 16, 0], "rotation": 270, "texture": "#0"}
			}
		},
		{
			"from": [9.67374, 9.39231, 2.25862],
			"to": [9.76703, 10.05864, 2.39855],
			"rotation": {"angle": 0, "axis": "y", "origin": [4.85952, 7.9597, 9.9214]},
			"faces": {
				"north": {"uv": [0, 0.2, 1.6, 0], "rotation": 90, "texture": "#3"},
				"east": {"uv": [0, 0.3, 1.6, 0], "rotation": 270, "texture": "#0"},
				"south": {"uv": [0, 0.2, 1.6, 0], "rotation": 270, "texture": "#3"},
				"west": {"uv": [0, 0.3, 1.6, 0], "rotation": 270, "texture": "#missing"},
				"up": {"uv": [0, 0.2, 0.3, 0], "rotation": 270, "texture": "#3"},
				"down": {"uv": [0, 16, 16, 0], "rotation": 270, "texture": "#0"}
			}
		},
		{
			"from": [9.67374, 9.39231, 2.46185],
			"to": [9.76703, 10.05864, 2.60178],
			"rotation": {"angle": 0, "axis": "y", "origin": [4.85952, 7.9597, 9.9214]},
			"faces": {
				"north": {"uv": [0, 0.2, 1.6, 0], "rotation": 90, "texture": "#3"},
				"east": {"uv": [0, 0.3, 1.6, 0], "rotation": 270, "texture": "#0"},
				"south": {"uv": [0, 0.2, 1.6, 0], "rotation": 270, "texture": "#3"},
				"west": {"uv": [0, 0.3, 1.6, 0], "rotation": 270, "texture": "#missing"},
				"up": {"uv": [0, 0.2, 0.3, 0], "rotation": 270, "texture": "#3"},
				"down": {"uv": [0, 16, 16, 0], "rotation": 270, "texture": "#0"}
			}
		},
		{
			"from": [9.67374, 9.39231, 2.67508],
			"to": [9.76703, 10.05864, 2.81501],
			"rotation": {"angle": 0, "axis": "y", "origin": [4.85952, 7.9597, 9.9214]},
			"faces": {
				"north": {"uv": [0, 0.2, 1.6, 0], "rotation": 90, "texture": "#3"},
				"east": {"uv": [0, 0.3, 1.6, 0], "rotation": 270, "texture": "#0"},
				"south": {"uv": [0, 0.2, 1.6, 0], "rotation": 270, "texture": "#3"},
				"west": {"uv": [0, 0.3, 1.6, 0], "rotation": 270, "texture": "#missing"},
				"up": {"uv": [0, 0.2, 0.3, 0], "rotation": 270, "texture": "#3"},
				"down": {"uv": [0, 16, 16, 0], "rotation": 270, "texture": "#0"}
			}
		},
		{
			"from": [9.67374, 9.39231, 2.87831],
			"to": [9.76703, 10.05864, 3.01824],
			"rotation": {"angle": 0, "axis": "y", "origin": [4.85952, 7.9597, 9.9214]},
			"faces": {
				"north": {"uv": [0, 0.2, 1.6, 0], "rotation": 90, "texture": "#3"},
				"east": {"uv": [0, 0.3, 1.6, 0], "rotation": 270, "texture": "#0"},
				"south": {"uv": [0, 0.2, 1.6, 0], "rotation": 270, "texture": "#3"},
				"west": {"uv": [0, 0.3, 1.6, 0], "rotation": 270, "texture": "#missing"},
				"up": {"uv": [0, 0.2, 0.3, 0], "rotation": 270, "texture": "#3"},
				"down": {"uv": [0, 16, 16, 0], "rotation": 270, "texture": "#0"}
			}
		},
		{
			"from": [9.67374, 9.39231, 3.09153],
			"to": [9.76703, 10.05864, 3.23146],
			"rotation": {"angle": 0, "axis": "y", "origin": [4.85952, 7.9597, 9.9214]},
			"faces": {
				"north": {"uv": [0, 0.2, 1.6, 0], "rotation": 90, "texture": "#3"},
				"east": {"uv": [0, 0.3, 1.6, 0], "rotation": 270, "texture": "#0"},
				"south": {"uv": [0, 0.2, 1.6, 0], "rotation": 270, "texture": "#3"},
				"west": {"uv": [0, 0.3, 1.6, 0], "rotation": 270, "texture": "#missing"},
				"up": {"uv": [0, 0.2, 0.3, 0], "rotation": 270, "texture": "#3"},
				"down": {"uv": [0, 16, 16, 0], "rotation": 270, "texture": "#0"}
			}
		},
		{
			"from": [9.67374, 9.39231, 3.29476],
			"to": [9.76703, 10.05864, 3.43469],
			"rotation": {"angle": 0, "axis": "y", "origin": [4.85952, 7.9597, 9.9214]},
			"faces": {
				"north": {"uv": [0, 0.2, 1.6, 0], "rotation": 90, "texture": "#3"},
				"east": {"uv": [0, 0.3, 1.6, 0], "rotation": 270, "texture": "#0"},
				"south": {"uv": [0, 0.2, 1.6, 0], "rotation": 270, "texture": "#3"},
				"west": {"uv": [0, 0.3, 1.6, 0], "rotation": 270, "texture": "#missing"},
				"up": {"uv": [0, 0.2, 0.3, 0], "rotation": 270, "texture": "#3"},
				"down": {"uv": [0, 16, 16, 0], "rotation": 270, "texture": "#0"}
			}
		},
		{
			"from": [9.67374, 9.39231, 3.50799],
			"to": [9.76703, 10.05864, 3.64792],
			"rotation": {"angle": 0, "axis": "y", "origin": [4.85952, 7.9597, 9.9214]},
			"faces": {
				"north": {"uv": [0, 0.2, 1.6, 0], "rotation": 90, "texture": "#3"},
				"east": {"uv": [0, 0.3, 1.6, 0], "rotation": 270, "texture": "#0"},
				"south": {"uv": [0, 0.2, 1.6, 0], "rotation": 270, "texture": "#3"},
				"west": {"uv": [0, 0.3, 1.6, 0], "rotation": 270, "texture": "#missing"},
				"up": {"uv": [0, 0.2, 0.3, 0], "rotation": 270, "texture": "#3"},
				"down": {"uv": [0, 16, 16, 0], "rotation": 270, "texture": "#0"}
			}
		},
		{
			"from": [9.67374, 9.39231, 3.71122],
			"to": [9.76703, 10.05864, 3.85115],
			"rotation": {"angle": 0, "axis": "y", "origin": [4.85952, 7.9597, 9.9214]},
			"faces": {
				"north": {"uv": [0, 0.2, 1.6, 0], "rotation": 90, "texture": "#3"},
				"east": {"uv": [0, 0.3, 1.6, 0], "rotation": 270, "texture": "#0"},
				"south": {"uv": [0, 0.2, 1.6, 0], "rotation": 270, "texture": "#3"},
				"west": {"uv": [0, 0.3, 1.6, 0], "rotation": 270, "texture": "#missing"},
				"up": {"uv": [0, 0.2, 0.3, 0], "rotation": 270, "texture": "#3"},
				"down": {"uv": [0, 16, 16, 0], "rotation": 270, "texture": "#0"}
			}
		},
		{
			"from": [9.67374, 9.39231, 3.92444],
			"to": [9.76703, 10.05864, 4.06437],
			"rotation": {"angle": 0, "axis": "y", "origin": [4.85952, 7.9597, 9.9214]},
			"faces": {
				"north": {"uv": [0, 0.2, 1.6, 0], "rotation": 90, "texture": "#3"},
				"east": {"uv": [0, 0.3, 1.6, 0], "rotation": 270, "texture": "#0"},
				"south": {"uv": [0, 0.2, 1.6, 0], "rotation": 270, "texture": "#3"},
				"west": {"uv": [0, 0.3, 1.6, 0], "rotation": 270, "texture": "#missing"},
				"up": {"uv": [0, 0.2, 0.3, 0], "rotation": 270, "texture": "#3"},
				"down": {"uv": [0, 16, 16, 0], "rotation": 270, "texture": "#0"}
			}
		},
		{
			"from": [9.67374, 9.39231, 4.12768],
			"to": [9.76703, 10.05864, 4.2676],
			"rotation": {"angle": 0, "axis": "y", "origin": [4.85952, 7.9597, 9.9214]},
			"faces": {
				"north": {"uv": [0, 0.2, 1.6, 0], "rotation": 90, "texture": "#3"},
				"east": {"uv": [0, 0.3, 1.6, 0], "rotation": 270, "texture": "#0"},
				"south": {"uv": [0, 0.2, 1.6, 0], "rotation": 270, "texture": "#3"},
				"west": {"uv": [0, 0.3, 1.6, 0], "rotation": 270, "texture": "#missing"},
				"up": {"uv": [0, 0.2, 0.3, 0], "rotation": 270, "texture": "#3"},
				"down": {"uv": [0, 16, 16, 0], "rotation": 270, "texture": "#0"}
			}
		},
		{
			"from": [9.67374, 9.39231, 4.3409],
			"to": [9.76703, 10.05864, 4.48083],
			"rotation": {"angle": 0, "axis": "y", "origin": [4.85952, 7.9597, 9.9214]},
			"faces": {
				"north": {"uv": [0, 0.2, 1.6, 0], "rotation": 90, "texture": "#3"},
				"east": {"uv": [0, 0.3, 1.6, 0], "rotation": 270, "texture": "#0"},
				"south": {"uv": [0, 0.2, 1.6, 0], "rotation": 270, "texture": "#3"},
				"west": {"uv": [0, 0.3, 1.6, 0], "rotation": 270, "texture": "#missing"},
				"up": {"uv": [0, 0.2, 0.3, 0], "rotation": 270, "texture": "#3"},
				"down": {"uv": [0, 16, 16, 0], "rotation": 270, "texture": "#0"}
			}
		},
		{
			"from": [9.67374, 9.39231, 4.54413],
			"to": [9.76703, 10.05864, 4.68406],
			"rotation": {"angle": 0, "axis": "y", "origin": [4.85952, 7.9597, 9.9214]},
			"faces": {
				"north": {"uv": [0, 0.2, 1.6, 0], "rotation": 90, "texture": "#3"},
				"east": {"uv": [0, 0.3, 1.6, 0], "rotation": 270, "texture": "#0"},
				"south": {"uv": [0, 0.2, 1.6, 0], "rotation": 270, "texture": "#3"},
				"west": {"uv": [0, 0.3, 1.6, 0], "rotation": 270, "texture": "#missing"},
				"up": {"uv": [0, 0.2, 0.3, 0], "rotation": 270, "texture": "#3"},
				"down": {"uv": [0, 16, 16, 0], "rotation": 270, "texture": "#0"}
			}
		},
		{
			"from": [9.67374, 9.39231, 4.75736],
			"to": [9.76703, 10.05864, 4.89728],
			"rotation": {"angle": 0, "axis": "y", "origin": [4.85952, 7.9597, 9.9214]},
			"faces": {
				"north": {"uv": [0, 0.2, 1.6, 0], "rotation": 90, "texture": "#3"},
				"east": {"uv": [0, 0.3, 1.6, 0], "rotation": 270, "texture": "#0"},
				"south": {"uv": [0, 0.2, 1.6, 0], "rotation": 270, "texture": "#3"},
				"west": {"uv": [0, 0.3, 1.6, 0], "rotation": 270, "texture": "#missing"},
				"up": {"uv": [0, 0.2, 0.3, 0], "rotation": 270, "texture": "#3"},
				"down": {"uv": [0, 16, 16, 0], "rotation": 270, "texture": "#0"}
			}
		},
		{
			"from": [9.67374, 9.39231, 4.96059],
			"to": [9.76703, 10.05864, 5.10051],
			"rotation": {"angle": 0, "axis": "y", "origin": [4.85952, 7.9597, 9.9214]},
			"faces": {
				"north": {"uv": [0, 0.2, 1.6, 0], "rotation": 90, "texture": "#3"},
				"east": {"uv": [0, 0.3, 1.6, 0], "rotation": 270, "texture": "#0"},
				"south": {"uv": [0, 0.2, 1.6, 0], "rotation": 270, "texture": "#3"},
				"west": {"uv": [0, 0.3, 1.6, 0], "rotation": 270, "texture": "#missing"},
				"up": {"uv": [0, 0.2, 0.3, 0], "rotation": 270, "texture": "#3"},
				"down": {"uv": [0, 16, 16, 0], "rotation": 270, "texture": "#0"}
			}
		},
		{
			"from": [9.67374, 9.39231, 5.17381],
			"to": [9.76703, 10.05864, 5.31374],
			"rotation": {"angle": 0, "axis": "y", "origin": [4.85952, 7.9597, 9.9214]},
			"faces": {
				"north": {"uv": [0, 0.2, 1.6, 0], "rotation": 90, "texture": "#3"},
				"east": {"uv": [0, 0.3, 1.6, 0], "rotation": 270, "texture": "#0"},
				"south": {"uv": [0, 0.2, 1.6, 0], "rotation": 270, "texture": "#3"},
				"west": {"uv": [0, 0.3, 1.6, 0], "rotation": 270, "texture": "#missing"},
				"up": {"uv": [0, 0.2, 0.3, 0], "rotation": 270, "texture": "#3"},
				"down": {"uv": [0, 16, 16, 0], "rotation": 270, "texture": "#0"}
			}
		},
		{
			"from": [9.67374, 9.39231, 5.37704],
			"to": [9.76703, 10.05864, 5.51697],
			"rotation": {"angle": 0, "axis": "y", "origin": [4.85952, 7.9597, 9.9214]},
			"faces": {
				"north": {"uv": [0, 0.2, 1.6, 0], "rotation": 90, "texture": "#3"},
				"east": {"uv": [0, 0.3, 1.6, 0], "rotation": 270, "texture": "#0"},
				"south": {"uv": [0, 0.2, 1.6, 0], "rotation": 270, "texture": "#0"},
				"west": {"uv": [0, 0.3, 1.6, 0], "rotation": 270, "texture": "#missing"},
				"up": {"uv": [0, 0.2, 0.3, 0], "rotation": 270, "texture": "#3"},
				"down": {"uv": [0, 16, 16, 0], "rotation": 270, "texture": "#0"}
			}
		},
		{
			"from": [8.59096, 10.20856, 0.9926],
			"to": [9.42387, 10.37514, 5.72353],
			"rotation": {"angle": 0, "axis": "y", "origin": [-0.97086, 7.9597, 9.9214]},
			"faces": {
				"north": {"uv": [0.3, 0, 0, 2], "rotation": 90, "texture": "#0"},
				"east": {"uv": [0.3, 0, 0, 3], "rotation": 270, "texture": "#0"},
				"south": {"uv": [0.3, 0, 0, 2], "rotation": 270, "texture": "#0"},
				"west": {"uv": [0.3, 0, 0, 3], "rotation": 270, "texture": "#0"},
				"up": {"uv": [3, 0, 0, 2], "rotation": 270, "texture": "#0"},
				"down": {"uv": [0, 0, 16, 16], "rotation": 270, "texture": "#0"}
			}
		},
		{
			"from": [8.67425, 10.37514, 5.17381],
			"to": [9.34057, 10.46843, 5.31374],
			"rotation": {"angle": 0, "axis": "y", "origin": [-7.63414, 7.9597, 9.9214]},
			"faces": {
				"north": {"uv": [1.6, 0, 0, 0.2], "texture": "#0"},
				"east": {"uv": [0.3, 0, 0, 0.2], "texture": "#0"},
				"south": {"uv": [1.6, 0, 0, 0.2], "texture": "#0"},
				"west": {"uv": [0, 0, 16, 16], "texture": "#0"},
				"up": {"uv": [1.6, 0, 0, 0.3], "texture": "#0"},
				"down": {"uv": [1.6, 0, 0, 0.3], "texture": "#0"}
			}
		},
		{
			"from": [8.67425, 10.37514, 5.37704],
			"to": [9.34057, 10.46843, 5.51697],
			"rotation": {"angle": 0, "axis": "y", "origin": [-7.63414, 7.9597, 9.9214]},
			"faces": {
				"north": {"uv": [1.6, 0, 0, 0.2], "texture": "#0"},
				"east": {"uv": [0.3, 0, 0, 0.2], "texture": "#0"},
				"south": {"uv": [1.6, 0, 0, 0.2], "texture": "#0"},
				"west": {"uv": [0, 0, 16, 16], "texture": "#0"},
				"up": {"uv": [1.6, 0, 0, 0.3], "texture": "#0"},
				"down": {"uv": [1.6, 0, 0, 0.3], "texture": "#0"}
			}
		},
		{
			"from": [8.67425, 10.37514, 4.96059],
			"to": [9.34057, 10.46843, 5.10051],
			"rotation": {"angle": 0, "axis": "y", "origin": [-7.63414, 7.9597, 9.9214]},
			"faces": {
				"north": {"uv": [1.6, 0, 0, 0.2], "texture": "#0"},
				"east": {"uv": [0.3, 0, 0, 0.2], "texture": "#0"},
				"south": {"uv": [1.6, 0, 0, 0.2], "texture": "#0"},
				"west": {"uv": [0, 0, 16, 16], "texture": "#0"},
				"up": {"uv": [1.6, 0, 0, 0.3], "texture": "#0"},
				"down": {"uv": [1.6, 0, 0, 0.3], "texture": "#0"}
			}
		},
		{
			"from": [8.67425, 10.37514, 4.75736],
			"to": [9.34057, 10.46843, 4.89728],
			"rotation": {"angle": 0, "axis": "y", "origin": [-7.63414, 7.9597, 9.9214]},
			"faces": {
				"north": {"uv": [1.6, 0, 0, 0.2], "texture": "#0"},
				"east": {"uv": [0.3, 0, 0, 0.2], "texture": "#0"},
				"south": {"uv": [1.6, 0, 0, 0.2], "texture": "#0"},
				"west": {"uv": [0, 0, 16, 16], "texture": "#0"},
				"up": {"uv": [1.6, 0, 0, 0.3], "texture": "#0"},
				"down": {"uv": [1.6, 0, 0, 0.3], "texture": "#0"}
			}
		},
		{
			"from": [8.67425, 10.37514, 4.54413],
			"to": [9.34057, 10.46843, 4.68406],
			"rotation": {"angle": 0, "axis": "y", "origin": [-7.63414, 7.9597, 9.9214]},
			"faces": {
				"north": {"uv": [1.6, 0, 0, 0.2], "texture": "#0"},
				"east": {"uv": [0.3, 0, 0, 0.2], "texture": "#0"},
				"south": {"uv": [1.6, 0, 0, 0.2], "texture": "#0"},
				"west": {"uv": [0, 0, 16, 16], "texture": "#0"},
				"up": {"uv": [1.6, 0, 0, 0.3], "texture": "#0"},
				"down": {"uv": [1.6, 0, 0, 0.3], "texture": "#0"}
			}
		},
		{
			"from": [8.67425, 10.37514, 4.3409],
			"to": [9.34057, 10.46843, 4.48083],
			"rotation": {"angle": 0, "axis": "y", "origin": [-7.63414, 7.9597, 9.9214]},
			"faces": {
				"north": {"uv": [1.6, 0, 0, 0.2], "texture": "#0"},
				"east": {"uv": [0.3, 0, 0, 0.2], "texture": "#0"},
				"south": {"uv": [1.6, 0, 0, 0.2], "texture": "#0"},
				"west": {"uv": [0, 0, 16, 16], "texture": "#0"},
				"up": {"uv": [1.6, 0, 0, 0.3], "texture": "#0"},
				"down": {"uv": [1.6, 0, 0, 0.3], "texture": "#0"}
			}
		},
		{
			"from": [8.67425, 10.37514, 4.12768],
			"to": [9.34057, 10.46843, 4.2676],
			"rotation": {"angle": 0, "axis": "y", "origin": [-7.63414, 7.9597, 9.9214]},
			"faces": {
				"north": {"uv": [1.6, 0, 0, 0.2], "texture": "#0"},
				"east": {"uv": [0.3, 0, 0, 0.2], "texture": "#0"},
				"south": {"uv": [1.6, 0, 0, 0.2], "texture": "#0"},
				"west": {"uv": [0, 0, 16, 16], "texture": "#0"},
				"up": {"uv": [1.6, 0, 0, 0.3], "texture": "#0"},
				"down": {"uv": [1.6, 0, 0, 0.3], "texture": "#0"}
			}
		},
		{
			"from": [8.67425, 10.37514, 3.92444],
			"to": [9.34057, 10.46843, 4.06437],
			"rotation": {"angle": 0, "axis": "y", "origin": [-7.63414, 7.9597, 9.9214]},
			"faces": {
				"north": {"uv": [1.6, 0, 0, 0.2], "texture": "#0"},
				"east": {"uv": [0.3, 0, 0, 0.2], "texture": "#0"},
				"south": {"uv": [1.6, 0, 0, 0.2], "texture": "#0"},
				"west": {"uv": [0, 0, 16, 16], "texture": "#0"},
				"up": {"uv": [1.6, 0, 0, 0.3], "texture": "#0"},
				"down": {"uv": [1.6, 0, 0, 0.3], "texture": "#0"}
			}
		},
		{
			"from": [8.67425, 10.37514, 3.71122],
			"to": [9.34057, 10.46843, 3.85115],
			"rotation": {"angle": 0, "axis": "y", "origin": [-7.63414, 7.9597, 9.9214]},
			"faces": {
				"north": {"uv": [1.6, 0, 0, 0.2], "texture": "#0"},
				"east": {"uv": [0.3, 0, 0, 0.2], "texture": "#0"},
				"south": {"uv": [1.6, 0, 0, 0.2], "texture": "#0"},
				"west": {"uv": [0, 0, 16, 16], "texture": "#0"},
				"up": {"uv": [1.6, 0, 0, 0.3], "texture": "#0"},
				"down": {"uv": [1.6, 0, 0, 0.3], "texture": "#0"}
			}
		},
		{
			"from": [8.67425, 10.37514, 3.50799],
			"to": [9.34057, 10.46843, 3.64792],
			"rotation": {"angle": 0, "axis": "y", "origin": [-7.63414, 7.9597, 9.9214]},
			"faces": {
				"north": {"uv": [1.6, 0, 0, 0.2], "texture": "#0"},
				"east": {"uv": [0.3, 0, 0, 0.2], "texture": "#0"},
				"south": {"uv": [1.6, 0, 0, 0.2], "texture": "#0"},
				"west": {"uv": [0, 0, 16, 16], "texture": "#0"},
				"up": {"uv": [1.6, 0, 0, 0.3], "texture": "#0"},
				"down": {"uv": [1.6, 0, 0, 0.3], "texture": "#0"}
			}
		},
		{
			"from": [8.67425, 10.37514, 3.29476],
			"to": [9.34057, 10.46843, 3.43469],
			"rotation": {"angle": 0, "axis": "y", "origin": [-7.63414, 7.9597, 9.9214]},
			"faces": {
				"north": {"uv": [1.6, 0, 0, 0.2], "texture": "#0"},
				"east": {"uv": [0.3, 0, 0, 0.2], "texture": "#0"},
				"south": {"uv": [1.6, 0, 0, 0.2], "texture": "#0"},
				"west": {"uv": [0, 0, 16, 16], "texture": "#0"},
				"up": {"uv": [1.6, 0, 0, 0.3], "texture": "#0"},
				"down": {"uv": [1.6, 0, 0, 0.3], "texture": "#0"}
			}
		},
		{
			"from": [8.67425, 10.37514, 3.09153],
			"to": [9.34057, 10.46843, 3.23146],
			"rotation": {"angle": 0, "axis": "y", "origin": [-7.63414, 7.9597, 9.9214]},
			"faces": {
				"north": {"uv": [1.6, 0, 0, 0.2], "texture": "#0"},
				"east": {"uv": [0.3, 0, 0, 0.2], "texture": "#0"},
				"south": {"uv": [1.6, 0, 0, 0.2], "texture": "#0"},
				"west": {"uv": [0, 0, 16, 16], "texture": "#0"},
				"up": {"uv": [1.6, 0, 0, 0.3], "texture": "#0"},
				"down": {"uv": [1.6, 0, 0, 0.3], "texture": "#0"}
			}
		},
		{
			"from": [8.67425, 10.37514, 2.87831],
			"to": [9.34057, 10.46843, 3.01824],
			"rotation": {"angle": 0, "axis": "y", "origin": [-7.63414, 7.9597, 9.9214]},
			"faces": {
				"north": {"uv": [1.6, 0, 0, 0.2], "texture": "#0"},
				"east": {"uv": [0.3, 0, 0, 0.2], "texture": "#0"},
				"south": {"uv": [1.6, 0, 0, 0.2], "texture": "#0"},
				"west": {"uv": [0, 0, 16, 16], "texture": "#0"},
				"up": {"uv": [1.6, 0, 0, 0.3], "texture": "#0"},
				"down": {"uv": [1.6, 0, 0, 0.3], "texture": "#0"}
			}
		},
		{
			"from": [8.67425, 10.37514, 2.67508],
			"to": [9.34057, 10.46843, 2.81501],
			"rotation": {"angle": 0, "axis": "y", "origin": [-7.63414, 7.9597, 9.9214]},
			"faces": {
				"north": {"uv": [1.6, 0, 0, 0.2], "texture": "#0"},
				"east": {"uv": [0.3, 0, 0, 0.2], "texture": "#0"},
				"south": {"uv": [1.6, 0, 0, 0.2], "texture": "#0"},
				"west": {"uv": [0, 0, 16, 16], "texture": "#0"},
				"up": {"uv": [1.6, 0, 0, 0.3], "texture": "#0"},
				"down": {"uv": [1.6, 0, 0, 0.3], "texture": "#0"}
			}
		},
		{
			"from": [8.67425, 10.37514, 2.46185],
			"to": [9.34057, 10.46843, 2.60178],
			"rotation": {"angle": 0, "axis": "y", "origin": [-7.63414, 7.9597, 9.9214]},
			"faces": {
				"north": {"uv": [1.6, 0, 0, 0.2], "texture": "#0"},
				"east": {"uv": [0.3, 0, 0, 0.2], "texture": "#0"},
				"south": {"uv": [1.6, 0, 0, 0.2], "texture": "#0"},
				"west": {"uv": [0, 0, 16, 16], "texture": "#0"},
				"up": {"uv": [1.6, 0, 0, 0.3], "texture": "#0"},
				"down": {"uv": [1.6, 0, 0, 0.3], "texture": "#0"}
			}
		},
		{
			"from": [8.67425, 10.37514, 2.25862],
			"to": [9.34057, 10.46843, 2.39855],
			"rotation": {"angle": 0, "axis": "y", "origin": [-7.63414, 7.9597, 9.9214]},
			"faces": {
				"north": {"uv": [1.6, 0, 0, 0.2], "texture": "#0"},
				"east": {"uv": [0.3, 0, 0, 0.2], "texture": "#0"},
				"south": {"uv": [1.6, 0, 0, 0.2], "texture": "#0"},
				"west": {"uv": [0, 0, 16, 16], "texture": "#0"},
				"up": {"uv": [1.6, 0, 0, 0.3], "texture": "#0"},
				"down": {"uv": [1.6, 0, 0, 0.3], "texture": "#0"}
			}
		},
		{
			"from": [8.67425, 10.37514, 2.0454],
			"to": [9.34057, 10.46843, 2.18533],
			"rotation": {"angle": 0, "axis": "y", "origin": [-7.63414, 7.9597, 9.9214]},
			"faces": {
				"north": {"uv": [1.6, 0, 0, 0.2], "texture": "#0"},
				"east": {"uv": [0.3, 0, 0, 0.2], "texture": "#0"},
				"south": {"uv": [1.6, 0, 0, 0.2], "texture": "#0"},
				"west": {"uv": [0, 0, 16, 16], "texture": "#0"},
				"up": {"uv": [1.6, 0, 0, 0.3], "texture": "#0"},
				"down": {"uv": [1.6, 0, 0, 0.3], "texture": "#0"}
			}
		},
		{
			"from": [8.67425, 10.37514, 1.84217],
			"to": [9.34057, 10.46843, 1.9821],
			"rotation": {"angle": 0, "axis": "y", "origin": [-7.63414, 7.9597, 9.9214]},
			"faces": {
				"north": {"uv": [1.6, 0, 0, 0.2], "texture": "#0"},
				"east": {"uv": [0.3, 0, 0, 0.2], "texture": "#0"},
				"south": {"uv": [1.6, 0, 0, 0.2], "texture": "#0"},
				"west": {"uv": [0, 0, 16, 16], "texture": "#0"},
				"up": {"uv": [1.6, 0, 0, 0.3], "texture": "#0"},
				"down": {"uv": [1.6, 0, 0, 0.3], "texture": "#0"}
			}
		},
		{
			"from": [8.67425, 10.37514, 1.62894],
			"to": [9.34057, 10.46843, 1.76887],
			"rotation": {"angle": 0, "axis": "y", "origin": [-7.63414, 7.9597, 9.9214]},
			"faces": {
				"north": {"uv": [1.6, 0, 0, 0.2], "texture": "#0"},
				"east": {"uv": [0.3, 0, 0, 0.2], "texture": "#0"},
				"south": {"uv": [1.6, 0, 0, 0.2], "texture": "#0"},
				"west": {"uv": [0, 0, 16, 16], "texture": "#0"},
				"up": {"uv": [1.6, 0, 0, 0.3], "texture": "#0"},
				"down": {"uv": [1.6, 0, 0, 0.3], "texture": "#0"}
			}
		},
		{
			"from": [8.67425, 10.37514, 1.42571],
			"to": [9.34057, 10.46843, 1.56564],
			"rotation": {"angle": 0, "axis": "y", "origin": [-7.63414, 7.9597, 9.9214]},
			"faces": {
				"north": {"uv": [1.6, 0, 0, 0.2], "texture": "#0"},
				"east": {"uv": [0.3, 0, 0, 0.2], "texture": "#0"},
				"south": {"uv": [1.6, 0, 0, 0.2], "texture": "#0"},
				"west": {"uv": [0, 0, 16, 16], "texture": "#0"},
				"up": {"uv": [1.6, 0, 0, 0.3], "texture": "#0"},
				"down": {"uv": [1.6, 0, 0, 0.3], "texture": "#0"}
			}
		},
		{
			"from": [8.67425, 10.37514, 1.21249],
			"to": [9.34057, 10.46843, 1.35242],
			"rotation": {"angle": 0, "axis": "y", "origin": [-7.63414, 7.9597, 9.9214]},
			"faces": {
				"north": {"uv": [1.6, 0, 0, 0.2], "texture": "#0"},
				"east": {"uv": [0.3, 0, 0, 0.2], "texture": "#0"},
				"south": {"uv": [1.6, 0, 0, 0.2], "texture": "#0"},
				"west": {"uv": [0, 0, 16, 16], "texture": "#0"},
				"up": {"uv": [1.6, 0, 0, 0.3], "texture": "#0"},
				"down": {"uv": [1.6, 0, 0, 0.3], "texture": "#0"}
			}
		},
		{
			"from": [8.59928, 9.05914, 0.9926],
			"to": [9.4322, 9.22573, 5.72353],
			"rotation": {"angle": 0, "axis": "y", "origin": [8.99075, 14.62299, 9.9214]},
			"faces": {
				"north": {"uv": [0, 2, 0.3, 0], "rotation": 90, "texture": "#0"},
				"east": {"uv": [0, 3, 0.3, 0], "rotation": 270, "texture": "#0"},
				"south": {"uv": [0, 2, 0.3, 0], "rotation": 270, "texture": "#0"},
				"west": {"uv": [0, 3, 0.3, 0], "rotation": 270, "texture": "#0"},
				"up": {"uv": [0, 2, 3, 0], "rotation": 270, "texture": "#0"},
				"down": {"uv": [0, 0, 16, 16], "rotation": 270, "texture": "#0"}
			}
		},
		{
			"from": [8.6909, 8.9592, 1.21249],
			"to": [9.35723, 9.05248, 1.35242],
			"rotation": {"angle": 0, "axis": "y", "origin": [15.65404, 14.62299, 9.9214]},
			"faces": {
				"north": {"uv": [0, 0.2, 1.6, 0], "texture": "#0"},
				"east": {"uv": [0, 0.2, 0.3, 0], "texture": "#0"},
				"south": {"uv": [0, 0.2, 1.6, 0], "texture": "#0"},
				"west": {"uv": [0, 0, 16, 16], "texture": "#0"},
				"up": {"uv": [0, 0.3, 1.6, 0], "texture": "#missing"},
				"down": {"uv": [0, 0.3, 1.6, 0], "texture": "#0"}
			}
		},
		{
			"from": [8.6909, 8.9592, 1.42571],
			"to": [9.35723, 9.05248, 1.56564],
			"rotation": {"angle": 0, "axis": "y", "origin": [15.65404, 14.62299, 9.9214]},
			"faces": {
				"north": {"uv": [0, 0.2, 1.6, 0], "texture": "#0"},
				"east": {"uv": [0, 0.2, 0.3, 0], "texture": "#0"},
				"south": {"uv": [0, 0.2, 1.6, 0], "texture": "#0"},
				"west": {"uv": [0, 0, 16, 16], "texture": "#0"},
				"up": {"uv": [0, 0.3, 1.6, 0], "texture": "#missing"},
				"down": {"uv": [0, 0.3, 1.6, 0], "texture": "#0"}
			}
		},
		{
			"from": [8.6909, 8.9592, 1.62894],
			"to": [9.35723, 9.05248, 1.76887],
			"rotation": {"angle": 0, "axis": "y", "origin": [15.65404, 14.62299, 9.9214]},
			"faces": {
				"north": {"uv": [0, 0.2, 1.6, 0], "texture": "#0"},
				"east": {"uv": [0, 0.2, 0.3, 0], "texture": "#0"},
				"south": {"uv": [0, 0.2, 1.6, 0], "texture": "#0"},
				"west": {"uv": [0, 0, 16, 16], "texture": "#0"},
				"up": {"uv": [0, 0.3, 1.6, 0], "texture": "#missing"},
				"down": {"uv": [0, 0.3, 1.6, 0], "texture": "#0"}
			}
		},
		{
			"from": [8.6909, 8.9592, 1.84217],
			"to": [9.35723, 9.05248, 1.9821],
			"rotation": {"angle": 0, "axis": "y", "origin": [15.65404, 14.62299, 9.9214]},
			"faces": {
				"north": {"uv": [0, 0.2, 1.6, 0], "texture": "#0"},
				"east": {"uv": [0, 0.2, 0.3, 0], "texture": "#0"},
				"south": {"uv": [0, 0.2, 1.6, 0], "texture": "#0"},
				"west": {"uv": [0, 0, 16, 16], "texture": "#0"},
				"up": {"uv": [0, 0.3, 1.6, 0], "texture": "#missing"},
				"down": {"uv": [0, 0.3, 1.6, 0], "texture": "#0"}
			}
		},
		{
			"from": [8.6909, 8.9592, 2.0454],
			"to": [9.35723, 9.05248, 2.18533],
			"rotation": {"angle": 0, "axis": "y", "origin": [15.65404, 14.62299, 9.9214]},
			"faces": {
				"north": {"uv": [0, 0.2, 1.6, 0], "texture": "#0"},
				"east": {"uv": [0, 0.2, 0.3, 0], "texture": "#0"},
				"south": {"uv": [0, 0.2, 1.6, 0], "texture": "#0"},
				"west": {"uv": [0, 0, 16, 16], "texture": "#0"},
				"up": {"uv": [0, 0.3, 1.6, 0], "texture": "#missing"},
				"down": {"uv": [0, 0.3, 1.6, 0], "texture": "#0"}
			}
		},
		{
			"from": [8.6909, 8.9592, 2.25862],
			"to": [9.35723, 9.05248, 2.39855],
			"rotation": {"angle": 0, "axis": "y", "origin": [15.65404, 14.62299, 9.9214]},
			"faces": {
				"north": {"uv": [0, 0.2, 1.6, 0], "texture": "#0"},
				"east": {"uv": [0, 0.2, 0.3, 0], "texture": "#0"},
				"south": {"uv": [0, 0.2, 1.6, 0], "texture": "#0"},
				"west": {"uv": [0, 0, 16, 16], "texture": "#0"},
				"up": {"uv": [0, 0.3, 1.6, 0], "texture": "#missing"},
				"down": {"uv": [0, 0.3, 1.6, 0], "texture": "#0"}
			}
		},
		{
			"from": [8.6909, 8.9592, 2.46185],
			"to": [9.35723, 9.05248, 2.60178],
			"rotation": {"angle": 0, "axis": "y", "origin": [15.65404, 14.62299, 9.9214]},
			"faces": {
				"north": {"uv": [0, 0.2, 1.6, 0], "texture": "#0"},
				"east": {"uv": [0, 0.2, 0.3, 0], "texture": "#0"},
				"south": {"uv": [0, 0.2, 1.6, 0], "texture": "#0"},
				"west": {"uv": [0, 0, 16, 16], "texture": "#0"},
				"up": {"uv": [0, 0.3, 1.6, 0], "texture": "#missing"},
				"down": {"uv": [0, 0.3, 1.6, 0], "texture": "#0"}
			}
		},
		{
			"from": [8.6909, 8.9592, 2.67508],
			"to": [9.35723, 9.05248, 2.81501],
			"rotation": {"angle": 0, "axis": "y", "origin": [15.65404, 14.62299, 9.9214]},
			"faces": {
				"north": {"uv": [0, 0.2, 1.6, 0], "texture": "#0"},
				"east": {"uv": [0, 0.2, 0.3, 0], "texture": "#0"},
				"south": {"uv": [0, 0.2, 1.6, 0], "texture": "#0"},
				"west": {"uv": [0, 0, 16, 16], "texture": "#0"},
				"up": {"uv": [0, 0.3, 1.6, 0], "texture": "#missing"},
				"down": {"uv": [0, 0.3, 1.6, 0], "texture": "#0"}
			}
		},
		{
			"from": [8.6909, 8.9592, 2.87831],
			"to": [9.35723, 9.05248, 3.01824],
			"rotation": {"angle": 0, "axis": "y", "origin": [15.65404, 14.62299, 9.9214]},
			"faces": {
				"north": {"uv": [0, 0.2, 1.6, 0], "texture": "#0"},
				"east": {"uv": [0, 0.2, 0.3, 0], "texture": "#0"},
				"south": {"uv": [0, 0.2, 1.6, 0], "texture": "#0"},
				"west": {"uv": [0, 0, 16, 16], "texture": "#0"},
				"up": {"uv": [0, 0.3, 1.6, 0], "texture": "#missing"},
				"down": {"uv": [0, 0.3, 1.6, 0], "texture": "#0"}
			}
		},
		{
			"from": [8.6909, 8.9592, 3.09153],
			"to": [9.35723, 9.05248, 3.23146],
			"rotation": {"angle": 0, "axis": "y", "origin": [15.65404, 14.62299, 9.9214]},
			"faces": {
				"north": {"uv": [0, 0.2, 1.6, 0], "texture": "#0"},
				"east": {"uv": [0, 0.2, 0.3, 0], "texture": "#0"},
				"south": {"uv": [0, 0.2, 1.6, 0], "texture": "#0"},
				"west": {"uv": [0, 0, 16, 16], "texture": "#0"},
				"up": {"uv": [0, 0.3, 1.6, 0], "texture": "#missing"},
				"down": {"uv": [0, 0.3, 1.6, 0], "texture": "#0"}
			}
		},
		{
			"from": [8.6909, 8.9592, 3.29476],
			"to": [9.35723, 9.05248, 3.43469],
			"rotation": {"angle": 0, "axis": "y", "origin": [15.65404, 14.62299, 9.9214]},
			"faces": {
				"north": {"uv": [0, 0.2, 1.6, 0], "texture": "#0"},
				"east": {"uv": [0, 0.2, 0.3, 0], "texture": "#0"},
				"south": {"uv": [0, 0.2, 1.6, 0], "texture": "#0"},
				"west": {"uv": [0, 0, 16, 16], "texture": "#0"},
				"up": {"uv": [0, 0.3, 1.6, 0], "texture": "#missing"},
				"down": {"uv": [0, 0.3, 1.6, 0], "texture": "#0"}
			}
		},
		{
			"from": [8.6909, 8.9592, 3.50799],
			"to": [9.35723, 9.05248, 3.64792],
			"rotation": {"angle": 0, "axis": "y", "origin": [15.65404, 14.62299, 9.9214]},
			"faces": {
				"north": {"uv": [0, 0.2, 1.6, 0], "texture": "#0"},
				"east": {"uv": [0, 0.2, 0.3, 0], "texture": "#0"},
				"south": {"uv": [0, 0.2, 1.6, 0], "texture": "#0"},
				"west": {"uv": [0, 0, 16, 16], "texture": "#0"},
				"up": {"uv": [0, 0.3, 1.6, 0], "texture": "#missing"},
				"down": {"uv": [0, 0.3, 1.6, 0], "texture": "#0"}
			}
		},
		{
			"from": [8.6909, 8.9592, 3.71122],
			"to": [9.35723, 9.05248, 3.85115],
			"rotation": {"angle": 0, "axis": "y", "origin": [15.65404, 14.62299, 9.9214]},
			"faces": {
				"north": {"uv": [0, 0.2, 1.6, 0], "texture": "#0"},
				"east": {"uv": [0, 0.2, 0.3, 0], "texture": "#0"},
				"south": {"uv": [0, 0.2, 1.6, 0], "texture": "#0"},
				"west": {"uv": [0, 0, 16, 16], "texture": "#0"},
				"up": {"uv": [0, 0.3, 1.6, 0], "texture": "#missing"},
				"down": {"uv": [0, 0.3, 1.6, 0], "texture": "#0"}
			}
		},
		{
			"from": [8.6909, 8.9592, 3.92444],
			"to": [9.35723, 9.05248, 4.06437],
			"rotation": {"angle": 0, "axis": "y", "origin": [15.65404, 14.62299, 9.9214]},
			"faces": {
				"north": {"uv": [0, 0.2, 1.6, 0], "texture": "#0"},
				"east": {"uv": [0, 0.2, 0.3, 0], "texture": "#0"},
				"south": {"uv": [0, 0.2, 1.6, 0], "texture": "#0"},
				"west": {"uv": [0, 0, 16, 16], "texture": "#0"},
				"up": {"uv": [0, 0.3, 1.6, 0], "texture": "#missing"},
				"down": {"uv": [0, 0.3, 1.6, 0], "texture": "#0"}
			}
		},
		{
			"from": [8.6909, 8.9592, 4.12768],
			"to": [9.35723, 9.05248, 4.2676],
			"rotation": {"angle": 0, "axis": "y", "origin": [15.65404, 14.62299, 9.9214]},
			"faces": {
				"north": {"uv": [0, 0.2, 1.6, 0], "texture": "#0"},
				"east": {"uv": [0, 0.2, 0.3, 0], "texture": "#0"},
				"south": {"uv": [0, 0.2, 1.6, 0], "texture": "#0"},
				"west": {"uv": [0, 0, 16, 16], "texture": "#0"},
				"up": {"uv": [0, 0.3, 1.6, 0], "texture": "#missing"},
				"down": {"uv": [0, 0.3, 1.6, 0], "texture": "#0"}
			}
		},
		{
			"from": [8.6909, 8.9592, 4.3409],
			"to": [9.35723, 9.05248, 4.48083],
			"rotation": {"angle": 0, "axis": "y", "origin": [15.65404, 14.62299, 9.9214]},
			"faces": {
				"north": {"uv": [0, 0.2, 1.6, 0], "texture": "#0"},
				"east": {"uv": [0, 0.2, 0.3, 0], "texture": "#0"},
				"south": {"uv": [0, 0.2, 1.6, 0], "texture": "#0"},
				"west": {"uv": [0, 0, 16, 16], "texture": "#0"},
				"up": {"uv": [0, 0.3, 1.6, 0], "texture": "#missing"},
				"down": {"uv": [0, 0.3, 1.6, 0], "texture": "#0"}
			}
		},
		{
			"from": [8.6909, 8.9592, 4.54413],
			"to": [9.35723, 9.05248, 4.68406],
			"rotation": {"angle": 0, "axis": "y", "origin": [15.65404, 14.62299, 9.9214]},
			"faces": {
				"north": {"uv": [0, 0.2, 1.6, 0], "texture": "#0"},
				"east": {"uv": [0, 0.2, 0.3, 0], "texture": "#0"},
				"south": {"uv": [0, 0.2, 1.6, 0], "texture": "#0"},
				"west": {"uv": [0, 0, 16, 16], "texture": "#0"},
				"up": {"uv": [0, 0.3, 1.6, 0], "texture": "#missing"},
				"down": {"uv": [0, 0.3, 1.6, 0], "texture": "#0"}
			}
		},
		{
			"from": [8.6909, 8.9592, 4.75736],
			"to": [9.35723, 9.05248, 4.89728],
			"rotation": {"angle": 0, "axis": "y", "origin": [15.65404, 14.62299, 9.9214]},
			"faces": {
				"north": {"uv": [0, 0.2, 1.6, 0], "texture": "#0"},
				"east": {"uv": [0, 0.2, 0.3, 0], "texture": "#0"},
				"south": {"uv": [0, 0.2, 1.6, 0], "texture": "#0"},
				"west": {"uv": [0, 0, 16, 16], "texture": "#0"},
				"up": {"uv": [0, 0.3, 1.6, 0], "texture": "#missing"},
				"down": {"uv": [0, 0.3, 1.6, 0], "texture": "#0"}
			}
		},
		{
			"from": [8.6909, 8.9592, 4.96059],
			"to": [9.35723, 9.05248, 5.10051],
			"rotation": {"angle": 0, "axis": "y", "origin": [15.65404, 14.62299, 9.9214]},
			"faces": {
				"north": {"uv": [0, 0.2, 1.6, 0], "texture": "#0"},
				"east": {"uv": [0, 0.2, 0.3, 0], "texture": "#0"},
				"south": {"uv": [0, 0.2, 1.6, 0], "texture": "#0"},
				"west": {"uv": [0, 0, 16, 16], "texture": "#0"},
				"up": {"uv": [0, 0.3, 1.6, 0], "texture": "#missing"},
				"down": {"uv": [0, 0.3, 1.6, 0], "texture": "#0"}
			}
		},
		{
			"from": [8.6909, 8.9592, 5.17381],
			"to": [9.35723, 9.05248, 5.31374],
			"rotation": {"angle": 0, "axis": "y", "origin": [15.65404, 14.62299, 9.9214]},
			"faces": {
				"north": {"uv": [0, 0.2, 1.6, 0], "texture": "#0"},
				"east": {"uv": [0, 0.2, 0.3, 0], "texture": "#0"},
				"south": {"uv": [0, 0.2, 1.6, 0], "texture": "#0"},
				"west": {"uv": [0, 0, 16, 16], "texture": "#0"},
				"up": {"uv": [0, 0.3, 1.6, 0], "texture": "#missing"},
				"down": {"uv": [0, 0.3, 1.6, 0], "texture": "#0"}
			}
		},
		{
			"from": [8.6909, 8.9592, 5.37704],
			"to": [9.35723, 9.05248, 5.51697],
			"rotation": {"angle": 0, "axis": "y", "origin": [15.65404, 14.62299, 9.9214]},
			"faces": {
				"north": {"uv": [0, 0.2, 1.6, 0], "texture": "#0"},
				"east": {"uv": [0, 0.2, 0.3, 0], "texture": "#0"},
				"south": {"uv": [0, 0.2, 1.6, 0], "texture": "#0"},
				"west": {"uv": [0, 0, 16, 16], "texture": "#0"},
				"up": {"uv": [0, 0.3, 1.6, 0], "texture": "#missing"},
				"down": {"uv": [0, 0.3, 1.6, 0], "texture": "#0"}
			}
		},
		{
			"from": [8.6326, 7.79312, 8.42883],
			"to": [9.37889, 7.87641, 10.52776],
			"rotation": {"angle": 0, "axis": "y", "origin": [8.99075, 4.62806, 9.9214]},
			"faces": {
				"north": {"uv": [0, 0, 1.6, 0.5], "texture": "#missing"},
				"east": {"uv": [0, 0, 4.5, 0.5], "texture": "#0"},
				"south": {"uv": [0, 0, 1.6, 0.5], "texture": "#missing"},
				"west": {"uv": [0, 0, 16, 16], "texture": "#0"},
				"up": {"uv": [0, 0, 1.6, 4.5], "texture": "#0"},
				"down": {"uv": [0, 0, 1.6, 4.5], "texture": "#0"}
			}
		},
		{
			"from": [8.7742, 10.70831, 7.30606],
			"to": [9.27394, 11.12476, 12.30353],
			"rotation": {"angle": 0, "axis": "y", "origin": [8.99075, 4.62806, 9.9214]},
			"faces": {
				"north": {"uv": [0, 0, 1.6, 0.5], "texture": "#1"},
				"east": {"uv": [0, 0, 15, 0.5], "texture": "#1"},
				"south": {"uv": [0, 0, 1.6, 0.5], "texture": "#1"},
				"west": {"uv": [0, 0, 16, 16], "texture": "#1"},
				"up": {"uv": [0, 0, 1.6, 15], "texture": "#1"},
				"down": {"uv": [0, 0, 1.6, 15], "texture": "#missing"}
			}
		},
		{
			"from": [8.7742, 11.12476, 11.31236],
			"to": [9.27394, 12.1659, 12.14527],
			"rotation": {"angle": 0, "axis": "y", "origin": [8.99075, 4.62806, 9.9214]},
			"faces": {
				"north": {"uv": [0, 0, 1.6, 0.5], "texture": "#1"},
				"east": {"uv": [0, 0, 15, 0.5], "texture": "#1"},
				"south": {"uv": [0, 0, 1.6, 0.5], "texture": "#1"},
				"west": {"uv": [0, 0, 16, 16], "texture": "#1"},
				"up": {"uv": [0, 0, 1.6, 15], "texture": "#1"},
				"down": {"uv": [0, 0, 1.6, 15], "texture": "#missing"}
			}
		},
		{
			"from": [8.85749, 11.91603, 7.38935],
			"to": [9.19065, 12.08261, 11.72049],
			"rotation": {"angle": 0, "axis": "y", "origin": [8.99075, 4.62806, 9.9214]},
			"faces": {
				"north": {"uv": [0, 0, 1.6, 0.5], "texture": "#5"},
				"east": {"uv": [0, 0, 15, 0.5], "texture": "#1"},
				"south": {"uv": [0, 0, 1.6, 0.5], "texture": "#missing"},
				"west": {"uv": [0, 0, 16, 16], "texture": "#1"},
				"up": {"uv": [0, 0, 1.6, 15], "texture": "#1"},
				"down": {"uv": [0, 0, 1.6, 15], "texture": "#1"}
			}
		},
		{
			"from": [8.50766, 7.69317, 10.05467],
			"to": [9.50716, 8.82593, 11.97036],
			"rotation": {"angle": 0, "axis": "y", "origin": [8.99075, 4.62806, 9.9214]},
			"faces": {
				"north": {"uv": [0, 0, 2, 6], "texture": "#0"},
				"east": {"uv": [0, 0, 3, 6], "texture": "#0"},
				"south": {"uv": [0, 0, 2, 6], "texture": "#0"},
				"west": {"uv": [0, 0, 16, 16], "texture": "#0"},
				"up": {"uv": [0, 0, 2, 3], "texture": "#missing"},
				"down": {"uv": [0, 0, 2, 3], "texture": "#0"}
			}
		},
		{
			"from": [8.50766, 8.79261, 6.55644],
			"to": [9.53381, 10.70831, 12.5534],
			"rotation": {"angle": 0, "axis": "y", "origin": [8.99075, 4.62806, 9.9214]},
			"faces": {
				"north": {"uv": [0, 0, 2.2, 1], "texture": "#0"},
				"east": {"uv": [0, 0, 15, 1], "texture": "#0"},
				"south": {"uv": [0, 0, 2.2, 1], "texture": "#0"},
				"west": {"uv": [0, 0, 16, 16], "texture": "#0"},
				"up": {"uv": [0, 0, 2.2, 15], "texture": "#0"},
				"down": {"uv": [0, 0, 2.2, 15], "texture": "#0"}
			}
		},
		{
			"from": [8.50766, 9.20907, 0.89265],
			"to": [9.50716, 10.20856, 5.89011],
			"rotation": {"angle": 0, "axis": "y", "origin": [8.99075, 4.62806, 9.9214]},
			"faces": {
				"north": {"uv": [0, 0, 2.2, 1], "texture": "#1"},
				"east": {"uv": [0, 0, 15, 1], "texture": "#1"},
				"south": {"uv": [0, 0, 2.2, 1], "texture": "#missing"},
				"west": {"uv": [0, 0, 16, 16], "texture": "#1"},
				"up": {"uv": [0, 0, 2.2, 15], "texture": "#1"},
				"down": {"uv": [0, 0, 2.2, 15], "texture": "#1"}
			}
		},
		{
			"from": [8.84083, 9.62552, -2.60557],
			"to": [9.25728, 10.04198, -1.60608],
			"rotation": {"angle": 0, "axis": "y", "origin": [8.99075, 4.62806, 9.9214]},
			"faces": {
				"north": {"uv": [0, 0, 2.2, 1], "texture": "#missing"},
				"east": {"uv": [0, 0, 15, 1], "texture": "#2"},
				"south": {"uv": [0, 0, 2.2, 1], "texture": "#missing"},
				"west": {"uv": [0, 0, 16, 16], "texture": "#2"},
				"up": {"uv": [0, 0, 2.2, 15], "texture": "#2"},
				"down": {"uv": [0, 0, 2.2, 15], "texture": "#2"}
			}
		},
		{
			"from": [8.79918, 9.58388, -5.10431],
			"to": [9.29893, 10.08363, -2.60557],
			"rotation": {"angle": 0, "axis": "y", "origin": [8.99075, 4.62806, 9.9214]},
			"faces": {
				"north": {"uv": [0, 0, 2.2, 1], "texture": "#0"},
				"east": {"uv": [0, 0, 15, 1], "texture": "#0"},
				"south": {"uv": [0, 0, 2.2, 1], "texture": "#0"},
				"west": {"uv": [0, 0, 16, 16], "texture": "#0"},
				"up": {"uv": [0, 0, 2.2, 15], "texture": "#0"},
				"down": {"uv": [0, 0, 2.2, 15], "texture": "#0"}
			}
		},
		{
			"from": [8.79918, 9.58388, -1.77266],
			"to": [9.29893, 10.08363, 0.05974],
			"rotation": {"angle": 0, "axis": "y", "origin": [8.99075, 4.62806, 9.9214]},
			"faces": {
				"north": {"uv": [0, 0, 2.2, 1], "texture": "#1"},
				"east": {"uv": [0, 0, 15, 1], "texture": "#1"},
				"south": {"uv": [0, 0, 2.2, 1], "texture": "#missing"},
				"west": {"uv": [0, 0, 16, 16], "texture": "#1"},
				"up": {"uv": [0, 0, 2.2, 15], "texture": "#1"},
				"down": {"uv": [0, 0, 2.2, 15], "texture": "#1"}
			}
		},
		{
			"from": [8.75754, 9.54223, -0.10684],
			"to": [9.34057, 10.12527, 1.72556],
			"rotation": {"angle": 0, "axis": "y", "origin": [8.99075, 4.62806, 9.9214]},
			"faces": {
				"north": {"uv": [0, 0, 2.2, 1], "texture": "#3"},
				"east": {"uv": [0, 0, 15, 1], "texture": "#3"},
				"south": {"uv": [0, 0, 2.2, 1], "texture": "#missing"},
				"west": {"uv": [0, 0, 16, 16], "texture": "#3"},
				"up": {"uv": [0, 0, 2.2, 15], "texture": "#3"},
				"down": {"uv": [0, 0, 2.2, 15], "texture": "#3"}
			}
		},
		{
			"from": [8.88247, 9.70882, -0.14849],
			"to": [9.21564, 11.95767, 0.01809],
			"rotation": {"angle": 0, "axis": "y", "origin": [8.99075, 4.62806, 9.9214]},
			"faces": {
				"north": {"uv": [0, 0, 2.2, 1], "texture": "#0"},
				"east": {"uv": [0, 0, 15, 1], "texture": "#0"},
				"south": {"uv": [0, 0, 2.2, 1], "texture": "#0"},
				"west": {"uv": [0, 0, 16, 16], "texture": "#0"},
				"up": {"uv": [0, 0, 2.2, 15], "texture": "#0"},
				"down": {"uv": [0, 0, 2.2, 15], "texture": "#missing"}
			}
		},
		{
			"from": [8.50766, 9.29236, 12.71998],
			"to": [9.53381, 10.37514, 18.71694],
			"rotation": {"angle": 0, "axis": "y", "origin": [8.99075, 4.62806, 9.9214]},
			"faces": {
				"north": {"uv": [0, 0, 2.2, 1], "texture": "#3"},
				"east": {"uv": [0, 0, 15, 1], "texture": "#3"},
				"south": {"uv": [0, 0, 2.2, 1], "texture": "#3"},
				"west": {"uv": [0, 0, 16, 16], "texture": "#3"},
				"up": {"uv": [0, 0, 2.2, 15], "texture": "#3"},
				"down": {"uv": [0, 0, 2.2, 15], "texture": "#3"}
			}
		},
		{
			"from": [8.59096, 8.45945, 13.55289],
			"to": [9.42387, 9.29236, 18.71694],
			"rotation": {"angle": 0, "axis": "y", "origin": [8.99075, 4.62806, 9.9214]},
			"faces": {
				"north": {"uv": [0, 0, 2.2, 1], "texture": "#3"},
				"east": {"uv": [0, 0, 15, 1], "texture": "#3"},
				"south": {"uv": [0, 0, 2.2, 1], "texture": "#3"},
				"west": {"uv": [0, 0, 16, 16], "texture": "#3"},
				"up": {"uv": [0, 0, 2.2, 15], "texture": "#missing"},
				"down": {"uv": [0, 0, 2.2, 15], "texture": "#3"}
			}
		},
		{
			"from": [8.67425, 7.62654, 15.21871],
			"to": [9.34057, 8.45945, 18.71694],
			"rotation": {"angle": 0, "axis": "y", "origin": [8.99075, 4.62806, 9.9214]},
			"faces": {
				"north": {"uv": [0, 0, 2.2, 1], "texture": "#3"},
				"east": {"uv": [0, 0, 15, 1], "texture": "#3"},
				"south": {"uv": [0, 0, 2.2, 1], "texture": "#3"},
				"west": {"uv": [0, 0, 16, 16], "texture": "#3"},
				"up": {"uv": [0, 0, 2.2, 15], "texture": "#missing"},
				"down": {"uv": [0, 0, 2.2, 15], "texture": "#3"}
			}
		},
		{
			"from": [8.75754, 6.79363, 16.88454],
			"to": [9.25728, 7.62654, 18.71694],
			"rotation": {"angle": 0, "axis": "y", "origin": [8.99075, 4.62806, 9.9214]},
			"faces": {
				"north": {"uv": [0, 0, 2.2, 1], "texture": "#3"},
				"east": {"uv": [0, 0, 15, 1], "texture": "#3"},
				"south": {"uv": [0, 0, 2.2, 1], "texture": "#3"},
				"west": {"uv": [0, 0, 16, 16], "texture": "#3"},
				"up": {"uv": [0, 0, 2.2, 15], "texture": "#missing"},
				"down": {"uv": [0, 0, 2.2, 15], "texture": "#3"}
			}
		},
		{
			"from": [8.59096, 9.45894, 12.38682],
			"to": [9.42387, 10.29185, 12.71998],
			"rotation": {"angle": 0, "axis": "y", "origin": [8.99075, 4.62806, 9.9214]},
			"faces": {
				"north": {"uv": [0, 0, 2.2, 1], "texture": "#missing"},
				"east": {"uv": [0, 0, 15, 1], "texture": "#2"},
				"south": {"uv": [0, 0, 2.2, 1], "texture": "#missing"},
				"west": {"uv": [0, 0, 16, 16], "texture": "#2"},
				"up": {"uv": [0, 0, 2.2, 15], "texture": "#2"},
				"down": {"uv": [0, 0, 2.2, 15], "texture": "#2"}
			}
		},
		{
			"from": [8.42437, 9.12578, 5.89011],
			"to": [9.59045, 10.29185, 6.55644],
			"rotation": {"angle": 0, "axis": "y", "origin": [8.99075, 4.62806, 9.9214]},
			"faces": {
				"north": {"uv": [0, 0, 2.2, 1], "texture": "#2"},
				"east": {"uv": [0, 0, 15, 1], "texture": "#2"},
				"south": {"uv": [0, 0, 2.2, 1], "texture": "#2"},
				"west": {"uv": [0, 0, 16, 16], "texture": "#2"},
				"up": {"uv": [0, 0, 2.2, 15], "texture": "#2"},
				"down": {"uv": [0, 0, 2.2, 15], "texture": "#2"}
			}
		},
		{
			"from": [8.88247, 7.9597, 9.45497],
			"to": [9.13235, 8.8759, 9.5949],
			"rotation": {"angle": 0, "axis": "y", "origin": [8.99075, 4.62806, 9.9214]},
			"faces": {
				"north": {"uv": [0, 0, 1.6, 1.3], "texture": "#1"},
				"east": {"uv": [0, 0, 0.3, 1.3], "texture": "#1"},
				"south": {"uv": [0, 0, 1.6, 1.3], "texture": "#1"},
				"west": {"uv": [0, 0, 16, 16], "texture": "#1"},
				"up": {"uv": [0, 0, 1.6, 0.3], "texture": "#missing"},
				"down": {"uv": [0, 0, 1.6, 0.3], "texture": "#0"}
			}
		},
		{
			"from": [8.50766, 7.29337, 6.85629],
			"to": [9.50716, 8.79261, 8.77199],
			"rotation": {"angle": 0, "axis": "y", "origin": [8.99075, 4.62806, 9.9214]},
			"faces": {
				"north": {"uv": [0, 0, 1.6, 1.5], "texture": "#0"},
				"east": {"uv": [0, 0, 1, 1.5], "texture": "#0"},
				"south": {"uv": [0, 0, 1.6, 1.5], "texture": "#0"},
				"west": {"uv": [0, 0, 16, 16], "texture": "#0"},
				"up": {"uv": [0, 0, 1.6, 1], "texture": "#missing"},
				"down": {"uv": [0, 0, 1.6, 1], "texture": "#0"}
			}
		},
		{
			"from": [8.6909, 8.9592, 1.21249],
			"to": [9.35723, 9.05248, 1.35242],
			"rotation": {"angle": 0, "axis": "y", "origin": [15.65404, 14.62299, 9.9214]},
			"faces": {
				"north": {"uv": [0, 0.2, 1.6, 0], "texture": "#0"},
				"east": {"uv": [0, 0.2, 0.3, 0], "texture": "#0"},
				"south": {"uv": [0, 0.2, 1.6, 0], "texture": "#0"},
				"west": {"uv": [0, 0, 16, 16], "texture": "#0"},
				"up": {"uv": [0, 0.3, 1.6, 0], "texture": "#missing"},
				"down": {"uv": [0, 0.3, 1.6, 0], "texture": "#0"}
			}
		},
		{
			"from": [8.6909, 8.9592, 1.42571],
			"to": [9.35723, 9.05248, 1.56564],
			"rotation": {"angle": 0, "axis": "y", "origin": [15.65404, 14.62299, 9.9214]},
			"faces": {
				"north": {"uv": [0, 0.2, 1.6, 0], "texture": "#0"},
				"east": {"uv": [0, 0.2, 0.3, 0], "texture": "#0"},
				"south": {"uv": [0, 0.2, 1.6, 0], "texture": "#0"},
				"west": {"uv": [0, 0, 16, 16], "texture": "#0"},
				"up": {"uv": [0, 0.3, 1.6, 0], "texture": "#missing"},
				"down": {"uv": [0, 0.3, 1.6, 0], "texture": "#0"}
			}
		},
		{
			"from": [8.6909, 8.9592, 1.62894],
			"to": [9.35723, 9.05248, 1.76887],
			"rotation": {"angle": 0, "axis": "y", "origin": [15.65404, 14.62299, 9.9214]},
			"faces": {
				"north": {"uv": [0, 0.2, 1.6, 0], "texture": "#0"},
				"east": {"uv": [0, 0.2, 0.3, 0], "texture": "#0"},
				"south": {"uv": [0, 0.2, 1.6, 0], "texture": "#0"},
				"west": {"uv": [0, 0, 16, 16], "texture": "#0"},
				"up": {"uv": [0, 0.3, 1.6, 0], "texture": "#missing"},
				"down": {"uv": [0, 0.3, 1.6, 0], "texture": "#0"}
			}
		},
		{
			"from": [8.6909, 8.9592, 1.84217],
			"to": [9.35723, 9.05248, 1.9821],
			"rotation": {"angle": 0, "axis": "y", "origin": [15.65404, 14.62299, 9.9214]},
			"faces": {
				"north": {"uv": [0, 0.2, 1.6, 0], "texture": "#0"},
				"east": {"uv": [0, 0.2, 0.3, 0], "texture": "#0"},
				"south": {"uv": [0, 0.2, 1.6, 0], "texture": "#0"},
				"west": {"uv": [0, 0, 16, 16], "texture": "#0"},
				"up": {"uv": [0, 0.3, 1.6, 0], "texture": "#missing"},
				"down": {"uv": [0, 0.3, 1.6, 0], "texture": "#0"}
			}
		},
		{
			"from": [8.6909, 8.9592, 2.0454],
			"to": [9.35723, 9.05248, 2.18533],
			"rotation": {"angle": 0, "axis": "y", "origin": [15.65404, 14.62299, 9.9214]},
			"faces": {
				"north": {"uv": [0, 0.2, 1.6, 0], "texture": "#0"},
				"east": {"uv": [0, 0.2, 0.3, 0], "texture": "#0"},
				"south": {"uv": [0, 0.2, 1.6, 0], "texture": "#0"},
				"west": {"uv": [0, 0, 16, 16], "texture": "#0"},
				"up": {"uv": [0, 0.3, 1.6, 0], "texture": "#missing"},
				"down": {"uv": [0, 0.3, 1.6, 0], "texture": "#0"}
			}
		},
		{
			"from": [8.6909, 8.9592, 2.25862],
			"to": [9.35723, 9.05248, 2.39855],
			"rotation": {"angle": 0, "axis": "y", "origin": [15.65404, 14.62299, 9.9214]},
			"faces": {
				"north": {"uv": [0, 0.2, 1.6, 0], "texture": "#0"},
				"east": {"uv": [0, 0.2, 0.3, 0], "texture": "#0"},
				"south": {"uv": [0, 0.2, 1.6, 0], "texture": "#0"},
				"west": {"uv": [0, 0, 16, 16], "texture": "#0"},
				"up": {"uv": [0, 0.3, 1.6, 0], "texture": "#missing"},
				"down": {"uv": [0, 0.3, 1.6, 0], "texture": "#0"}
			}
		},
		{
			"from": [8.6909, 8.9592, 2.46185],
			"to": [9.35723, 9.05248, 2.60178],
			"rotation": {"angle": 0, "axis": "y", "origin": [15.65404, 14.62299, 9.9214]},
			"faces": {
				"north": {"uv": [0, 0.2, 1.6, 0], "texture": "#0"},
				"east": {"uv": [0, 0.2, 0.3, 0], "texture": "#0"},
				"south": {"uv": [0, 0.2, 1.6, 0], "texture": "#0"},
				"west": {"uv": [0, 0, 16, 16], "texture": "#0"},
				"up": {"uv": [0, 0.3, 1.6, 0], "texture": "#missing"},
				"down": {"uv": [0, 0.3, 1.6, 0], "texture": "#0"}
			}
		},
		{
			"from": [8.6909, 8.9592, 2.67508],
			"to": [9.35723, 9.05248, 2.81501],
			"rotation": {"angle": 0, "axis": "y", "origin": [15.65404, 14.62299, 9.9214]},
			"faces": {
				"north": {"uv": [0, 0.2, 1.6, 0], "texture": "#0"},
				"east": {"uv": [0, 0.2, 0.3, 0], "texture": "#0"},
				"south": {"uv": [0, 0.2, 1.6, 0], "texture": "#0"},
				"west": {"uv": [0, 0, 16, 16], "texture": "#0"},
				"up": {"uv": [0, 0.3, 1.6, 0], "texture": "#missing"},
				"down": {"uv": [0, 0.3, 1.6, 0], "texture": "#0"}
			}
		},
		{
			"from": [8.6909, 8.9592, 2.87831],
			"to": [9.35723, 9.05248, 3.01824],
			"rotation": {"angle": 0, "axis": "y", "origin": [15.65404, 14.62299, 9.9214]},
			"faces": {
				"north": {"uv": [0, 0.2, 1.6, 0], "texture": "#0"},
				"east": {"uv": [0, 0.2, 0.3, 0], "texture": "#0"},
				"south": {"uv": [0, 0.2, 1.6, 0], "texture": "#0"},
				"west": {"uv": [0, 0, 16, 16], "texture": "#0"},
				"up": {"uv": [0, 0.3, 1.6, 0], "texture": "#missing"},
				"down": {"uv": [0, 0.3, 1.6, 0], "texture": "#0"}
			}
		},
		{
			"from": [8.6909, 8.9592, 3.09153],
			"to": [9.35723, 9.05248, 3.23146],
			"rotation": {"angle": 0, "axis": "y", "origin": [15.65404, 14.62299, 9.9214]},
			"faces": {
				"north": {"uv": [0, 0.2, 1.6, 0], "texture": "#0"},
				"east": {"uv": [0, 0.2, 0.3, 0], "texture": "#0"},
				"south": {"uv": [0, 0.2, 1.6, 0], "texture": "#0"},
				"west": {"uv": [0, 0, 16, 16], "texture": "#0"},
				"up": {"uv": [0, 0.3, 1.6, 0], "texture": "#missing"},
				"down": {"uv": [0, 0.3, 1.6, 0], "texture": "#0"}
			}
		},
		{
			"from": [8.6909, 8.9592, 3.29476],
			"to": [9.35723, 9.05248, 3.43469],
			"rotation": {"angle": 0, "axis": "y", "origin": [15.65404, 14.62299, 9.9214]},
			"faces": {
				"north": {"uv": [0, 0.2, 1.6, 0], "texture": "#0"},
				"east": {"uv": [0, 0.2, 0.3, 0], "texture": "#0"},
				"south": {"uv": [0, 0.2, 1.6, 0], "texture": "#0"},
				"west": {"uv": [0, 0, 16, 16], "texture": "#0"},
				"up": {"uv": [0, 0.3, 1.6, 0], "texture": "#missing"},
				"down": {"uv": [0, 0.3, 1.6, 0], "texture": "#0"}
			}
		},
		{
			"from": [8.6909, 8.9592, 3.50799],
			"to": [9.35723, 9.05248, 3.64792],
			"rotation": {"angle": 0, "axis": "y", "origin": [15.65404, 14.62299, 9.9214]},
			"faces": {
				"north": {"uv": [0, 0.2, 1.6, 0], "texture": "#0"},
				"east": {"uv": [0, 0.2, 0.3, 0], "texture": "#0"},
				"south": {"uv": [0, 0.2, 1.6, 0], "texture": "#0"},
				"west": {"uv": [0, 0, 16, 16], "texture": "#0"},
				"up": {"uv": [0, 0.3, 1.6, 0], "texture": "#missing"},
				"down": {"uv": [0, 0.3, 1.6, 0], "texture": "#0"}
			}
		},
		{
			"from": [8.6909, 8.9592, 3.71122],
			"to": [9.35723, 9.05248, 3.85115],
			"rotation": {"angle": 0, "axis": "y", "origin": [15.65404, 14.62299, 9.9214]},
			"faces": {
				"north": {"uv": [0, 0.2, 1.6, 0], "texture": "#0"},
				"east": {"uv": [0, 0.2, 0.3, 0], "texture": "#0"},
				"south": {"uv": [0, 0.2, 1.6, 0], "texture": "#0"},
				"west": {"uv": [0, 0, 16, 16], "texture": "#0"},
				"up": {"uv": [0, 0.3, 1.6, 0], "texture": "#missing"},
				"down": {"uv": [0, 0.3, 1.6, 0], "texture": "#0"}
			}
		},
		{
			"from": [8.6909, 8.9592, 3.92444],
			"to": [9.35723, 9.05248, 4.06437],
			"rotation": {"angle": 0, "axis": "y", "origin": [15.65404, 14.62299, 9.9214]},
			"faces": {
				"north": {"uv": [0, 0.2, 1.6, 0], "texture": "#0"},
				"east": {"uv": [0, 0.2, 0.3, 0], "texture": "#0"},
				"south": {"uv": [0, 0.2, 1.6, 0], "texture": "#0"},
				"west": {"uv": [0, 0, 16, 16], "texture": "#0"},
				"up": {"uv": [0, 0.3, 1.6, 0], "texture": "#missing"},
				"down": {"uv": [0, 0.3, 1.6, 0], "texture": "#0"}
			}
		},
		{
			"from": [8.6909, 8.9592, 4.12768],
			"to": [9.35723, 9.05248, 4.2676],
			"rotation": {"angle": 0, "axis": "y", "origin": [15.65404, 14.62299, 9.9214]},
			"faces": {
				"north": {"uv": [0, 0.2, 1.6, 0], "texture": "#0"},
				"east": {"uv": [0, 0.2, 0.3, 0], "texture": "#0"},
				"south": {"uv": [0, 0.2, 1.6, 0], "texture": "#0"},
				"west": {"uv": [0, 0, 16, 16], "texture": "#0"},
				"up": {"uv": [0, 0.3, 1.6, 0], "texture": "#missing"},
				"down": {"uv": [0, 0.3, 1.6, 0], "texture": "#0"}
			}
		},
		{
			"from": [8.6909, 8.9592, 4.3409],
			"to": [9.35723, 9.05248, 4.48083],
			"rotation": {"angle": 0, "axis": "y", "origin": [15.65404, 14.62299, 9.9214]},
			"faces": {
				"north": {"uv": [0, 0.2, 1.6, 0], "texture": "#0"},
				"east": {"uv": [0, 0.2, 0.3, 0], "texture": "#0"},
				"south": {"uv": [0, 0.2, 1.6, 0], "texture": "#0"},
				"west": {"uv": [0, 0, 16, 16], "texture": "#0"},
				"up": {"uv": [0, 0.3, 1.6, 0], "texture": "#missing"},
				"down": {"uv": [0, 0.3, 1.6, 0], "texture": "#0"}
			}
		},
		{
			"from": [8.6909, 8.9592, 4.54413],
			"to": [9.35723, 9.05248, 4.68406],
			"rotation": {"angle": 0, "axis": "y", "origin": [15.65404, 14.62299, 9.9214]},
			"faces": {
				"north": {"uv": [0, 0.2, 1.6, 0], "texture": "#0"},
				"east": {"uv": [0, 0.2, 0.3, 0], "texture": "#0"},
				"south": {"uv": [0, 0.2, 1.6, 0], "texture": "#0"},
				"west": {"uv": [0, 0, 16, 16], "texture": "#0"},
				"up": {"uv": [0, 0.3, 1.6, 0], "texture": "#missing"},
				"down": {"uv": [0, 0.3, 1.6, 0], "texture": "#0"}
			}
		},
		{
			"from": [8.6909, 8.9592, 4.75736],
			"to": [9.35723, 9.05248, 4.89728],
			"rotation": {"angle": 0, "axis": "y", "origin": [15.65404, 14.62299, 9.9214]},
			"faces": {
				"north": {"uv": [0, 0.2, 1.6, 0], "texture": "#0"},
				"east": {"uv": [0, 0.2, 0.3, 0], "texture": "#0"},
				"south": {"uv": [0, 0.2, 1.6, 0], "texture": "#0"},
				"west": {"uv": [0, 0, 16, 16], "texture": "#0"},
				"up": {"uv": [0, 0.3, 1.6, 0], "texture": "#missing"},
				"down": {"uv": [0, 0.3, 1.6, 0], "texture": "#0"}
			}
		},
		{
			"from": [8.6909, 8.9592, 4.96059],
			"to": [9.35723, 9.05248, 5.10051],
			"rotation": {"angle": 0, "axis": "y", "origin": [15.65404, 14.62299, 9.9214]},
			"faces": {
				"north": {"uv": [0, 0.2, 1.6, 0], "texture": "#0"},
				"east": {"uv": [0, 0.2, 0.3, 0], "texture": "#0"},
				"south": {"uv": [0, 0.2, 1.6, 0], "texture": "#0"},
				"west": {"uv": [0, 0, 16, 16], "texture": "#0"},
				"up": {"uv": [0, 0.3, 1.6, 0], "texture": "#missing"},
				"down": {"uv": [0, 0.3, 1.6, 0], "texture": "#0"}
			}
		},
		{
			"from": [8.6909, 8.9592, 5.17381],
			"to": [9.35723, 9.05248, 5.31374],
			"rotation": {"angle": 0, "axis": "y", "origin": [15.65404, 14.62299, 9.9214]},
			"faces": {
				"north": {"uv": [0, 0.2, 1.6, 0], "texture": "#0"},
				"east": {"uv": [0, 0.2, 0.3, 0], "texture": "#0"},
				"south": {"uv": [0, 0.2, 1.6, 0], "texture": "#0"},
				"west": {"uv": [0, 0, 16, 16], "texture": "#0"},
				"up": {"uv": [0, 0.3, 1.6, 0], "texture": "#missing"},
				"down": {"uv": [0, 0.3, 1.6, 0], "texture": "#0"}
			}
		},
		{
			"from": [8.6909, 8.9592, 5.37704],
			"to": [9.35723, 9.05248, 5.51697],
			"rotation": {"angle": 0, "axis": "y", "origin": [15.65404, 14.62299, 9.9214]},
			"faces": {
				"north": {"uv": [0, 0.2, 1.6, 0], "texture": "#0"},
				"east": {"uv": [0, 0.2, 0.3, 0], "texture": "#0"},
				"south": {"uv": [0, 0.2, 1.6, 0], "texture": "#0"},
				"west": {"uv": [0, 0, 16, 16], "texture": "#0"},
				"up": {"uv": [0, 0.3, 1.6, 0], "texture": "#missing"},
				"down": {"uv": [0, 0.3, 1.6, 0], "texture": "#0"}
			}
		}
	],
	"display": {
		"thirdperson_righthand": {
			"translation": [0, 0, -0.5],
			"scale": [0.9, 0.9, 0.9]
		},
		"thirdperson_lefthand": {
			"translation": [0, 0, -0.5],
			"scale": [0.9, 0.9, 0.9]
		},
		"firstperson_righthand": {
			"translation": [0, 4.25, 0.5]
		},
		"firstperson_lefthand": {
			"translation": [0, 4.25, 0.5]
		},
		"gui": {
			"rotation": [90, 47, -90],
			"translation": [-0.25, -1, 0],
			"scale": [0.83, 0.83, 0.83]
		}
	},
	"groups": [
		{
			"name": "bone",
			"origin": [-8, 0, 0],
			"color": 8,
			"children": [
				0,
				1,
				2,
				3,
				4,
				5,
				6,
				7,
				8,
				9,
				10,
				11,
				12,
				13,
				14,
				15,
				16,
				17,
				18,
				19,
				20,
				21,
				{
					"name": "bone3",
					"origin": [8.48, 5, 8.04],
					"color": 8,
					"children": [22, 23, 24, 25, 26, 27, 28, 29, 30, 31, 32, 33, 34, 35, 36, 37, 38, 39, 40, 41, 42, 43]
				},
				{
					"name": "bone3",
					"origin": [8.48, 5, 8.04],
					"color": 8,
					"children": [44, 45, 46, 47, 48, 49, 50, 51, 52, 53, 54, 55, 56, 57, 58, 59, 60, 61, 62, 63, 64, 65]
				},
				{
					"name": "bone6",
					"origin": [-7.48, 5, 8.04],
					"color": 8,
					"children": [
						66,
						{
							"name": "group",
							"origin": [-7.48, 5, 8.04],
							"color": 0,
							"children": [67, 68, 69, 70, 71, 72, 73, 74, 75, 76, 77, 78, 79, 80, 81, 82, 83, 84, 85, 86, 87]
						}
					]
				},
				{
					"name": "bone7",
					"origin": [0.48, 3, 8.04],
					"color": 8,
					"children": [88, 89, 90, 91, 92, 93, 94, 95, 96, 97, 98, 99, 100, 101, 102, 103, 104, 105, 106, 107, 108, 109]
				},
				{
					"name": "bone4",
					"origin": [-8, 0, 0],
					"color": 8,
					"children": [
						110,
						111,
						112,
						113,
						114,
						115,
						116,
						117,
						118,
						119,
						120,
						121,
						122,
						123,
						124,
						125,
						126,
						127,
						128,
						129,
						{
							"name": "bone10",
							"origin": [0.48, 3, 8.04],
							"color": 8,
							"children": [130, 131, 132, 133, 134, 135, 136, 137, 138, 139, 140, 141, 142, 143, 144, 145, 146, 147, 148, 149, 150]
						}
					]
				}
			]
		}
	]
}