{
	"credit": "Made with Blockbench",
	"textures": {
		"0": "gunmodel/101",
		"2": "gunmodel/103",
		"particle": "gunmodel/101"
	},
	"elements": [
		{
			"from": [8, 10.5, 8],
			"to": [9, 12, 13],
			"faces": {
				"north": {"uv": [0, 0, 1, 1.5], "texture": "#0"},
				"east": {"uv": [0, 0, 5, 1.5], "texture": "#0"},
				"south": {"uv": [0, 0, 1, 1.5], "texture": "#0"},
				"west": {"uv": [0, 0, 5, 1.5], "texture": "#0"},
				"up": {"uv": [0, 0, 1, 5], "texture": "#0"},
				"down": {"uv": [0, 0, 1, 5], "texture": "#0"}
			}
		},
		{
			"from": [8, 9.15, 14.8],
			"to": [9, 11.35, 20.6],
			"faces": {
				"north": {"uv": [0, 0, 1, 2.2], "texture": "#2"},
				"east": {"uv": [0, 0, 5.8, 2.2], "texture": "#2"},
				"south": {"uv": [0, 0, 1, 2.2], "texture": "#missing"},
				"west": {"uv": [0, 0, 5.8, 2.2], "texture": "#2"},
				"up": {"uv": [0, 0, 1, 5.8], "texture": "#2"},
				"down": {"uv": [0, 0, 1, 5.8], "texture": "#2"}
			}
		},
		{
			"from": [8, 7.9, 20.6],
			"to": [9, 11.35, 21],
			"faces": {
				"north": {"uv": [0, 0, 1, 3.45], "texture": "#missing"},
				"east": {"uv": [0, 0, 0.4, 3.45], "texture": "#0"},
				"south": {"uv": [0, 0, 1, 3.45], "texture": "#0"},
				"west": {"uv": [0, 0, 0.4, 3.45], "texture": "#0"},
				"up": {"uv": [0, 0, 1, 0.4], "texture": "#0"},
				"down": {"uv": [0, 0, 1, 0.4], "texture": "#0"}
			}
		},
		{
			"from": [8, 7.9, 18.8],
			"to": [9, 9.15, 20.6],
			"faces": {
				"north": {"uv": [0, 0, 1, 1.25], "texture": "#2"},
				"east": {"uv": [0, 0, 1.8, 1.25], "texture": "#2"},
				"south": {"uv": [0, 0, 1, 1.25], "texture": "#missing"},
				"west": {"uv": [0, 0, 1.8, 1.25], "texture": "#2"},
				"up": {"uv": [0, 0, 1, 1.8], "texture": "#missing"},
				"down": {"uv": [0, 0, 1, 1.8], "texture": "#2"}
			}
		},
		{
			"from": [8.05, 14.7, 7],
			"to": [8.95, 15.8, 10],
			"rotation": {"angle": 22.5, "axis": "x", "origin": [0, 0, 0]},
			"faces": {
				"north": {"uv": [0, 0, 0.9, 1.1], "texture": "#missing"},
				"east": {"uv": [0, 0, 3, 1.1], "texture": "#2"},
				"south": {"uv": [0, 0, 0.9, 1.1], "texture": "#missing"},
				"west": {"uv": [0, 0, 3, 1.1], "texture": "#2"},
				"up": {"uv": [0, 0, 0.9, 3], "texture": "#2"},
				"down": {"uv": [0, 0, 0.9, 3], "texture": "#2"}
			}
		},
		{
			"from": [8.15, 11.3, -4],
			"to": [8.85, 12, 8],
			"faces": {
				"north": {"uv": [0, 0, 0.7, 0.7], "texture": "#0"},
				"east": {"uv": [0, 0, 12, 0.7], "texture": "#0"},
				"south": {"uv": [0, 0, 0.7, 0.7], "texture": "#missing"},
				"west": {"uv": [0, 0, 12, 0.7], "texture": "#0"},
				"up": {"uv": [0, 0, 0.7, 12], "texture": "#0"},
				"down": {"uv": [0, 0, 0.7, 12], "texture": "#0"}
			}
		},
		{
			"from": [8, 10.3, 1],
			"to": [9, 11.3, 5],
			"faces": {
				"north": {"uv": [0, 0, 1, 1], "texture": "#2"},
				"east": {"uv": [0, 0, 4, 1], "texture": "#2"},
				"south": {"uv": [0, 0, 1, 1], "texture": "#2"},
				"west": {"uv": [0, 0, 4, 1], "texture": "#2"},
				"up": {"uv": [0, 0, 1, 4], "texture": "#2"},
				"down": {"uv": [0, 0, 1, 4], "texture": "#2"}
			}
		},
		{
			"from": [8.15, 10.5, 5],
			"to": [8.85, 11.2, 8],
			"faces": {
				"north": {"uv": [0, 0, 0.7, 0.7], "texture": "#missing"},
				"east": {"uv": [0, 0, 3, 0.7], "texture": "#0"},
				"south": {"uv": [0, 0, 0.7, 0.7], "texture": "#missing"},
				"west": {"uv": [0, 0, 3, 0.7], "texture": "#0"},
				"up": {"uv": [0, 0, 0.7, 3], "texture": "#0"},
				"down": {"uv": [0, 0, 0.7, 3], "texture": "#0"}
			}
		},
		{
			"from": [8.15, 10.5, 0.7],
			"to": [8.85, 11.2, 1],
			"faces": {
				"north": {"uv": [0, 0, 0.7, 0.7], "texture": "#0"},
				"east": {"uv": [0, 0, 0.3, 0.7], "texture": "#0"},
				"south": {"uv": [0, 0, 0.7, 0.7], "texture": "#missing"},
				"west": {"uv": [0, 0, 0.3, 0.7], "texture": "#0"},
				"up": {"uv": [0, 0, 0.7, 0.3], "texture": "#0"},
				"down": {"uv": [0, 0, 0.7, 0.3], "texture": "#0"}
			}
		},
		{
			"from": [8.25, 11.2, 5],
			"to": [8.75, 11.3, 8],
			"faces": {
				"north": {"uv": [0, 0, 0.5, 0.1], "texture": "#missing"},
				"east": {"uv": [0, 0, 3, 0.1], "texture": "#0"},
				"south": {"uv": [0, 0, 0.5, 0.1], "texture": "#missing"},
				"west": {"uv": [0, 0, 3, 0.1], "texture": "#0"},
				"up": {"uv": [0, 0, 0.5, 3], "texture": "#missing"},
				"down": {"uv": [0, 0, 0.5, 3], "texture": "#missing"}
			}
		},
		{
			"from": [8.25, 11.2, 0.7],
			"to": [8.75, 11.3, 1],
			"faces": {
				"north": {"uv": [0, 0, 0.5, 0.1], "texture": "#0"},
				"east": {"uv": [0, 0, 0.3, 0.1], "texture": "#0"},
				"south": {"uv": [0, 0, 0.5, 0.1], "texture": "#missing"},
				"west": {"uv": [0, 0, 0.3, 0.1], "texture": "#0"},
				"up": {"uv": [0, 0, 0.5, 0.3], "texture": "#missing"},
				"down": {"uv": [0, 0, 0.5, 0.3], "texture": "#missing"}
			}
		},
		{
			"from": [8.25, 10.4, 5],
			"to": [8.75, 10.5, 8],
			"faces": {
				"north": {"uv": [0, 0, 0.5, 0.1], "texture": "#missing"},
				"east": {"uv": [0, 0, 3, 0.1], "texture": "#0"},
				"south": {"uv": [0, 0, 0.5, 0.1], "texture": "#missing"},
				"west": {"uv": [0, 0, 3, 0.1], "texture": "#0"},
				"up": {"uv": [0, 0, 0.5, 3], "texture": "#missing"},
				"down": {"uv": [0, 0, 0.5, 3], "texture": "#0"}
			}
		},
		{
			"from": [8.25, 13.75, 7.9],
			"to": [8.75, 14.55, 8],
			"rotation": {"angle": 22.5, "axis": "x", "origin": [0, 0, 0]},
			"faces": {
				"north": {"uv": [0, 0, 0.5, 0.8], "texture": "#0"},
				"east": {"uv": [0, 0, 0.1, 0.8], "texture": "#0"},
				"south": {"uv": [0, 0, 0.5, 0.8], "texture": "#0"},
				"west": {"uv": [0, 0, 0.1, 0.8], "texture": "#0"},
				"up": {"uv": [0, 0, 0.5, 0.1], "texture": "#missing"},
				"down": {"uv": [0, 0, 0.5, 0.1], "texture": "#0"}
			}
		},
		{
			"from": [8.25, 13.75, 5.9],
			"to": [8.75, 13.85, 7.9],
			"rotation": {"angle": 22.5, "axis": "x", "origin": [0, 0, 0]},
			"faces": {
				"north": {"uv": [0, 0, 0.5, 0.1], "texture": "#missing"},
				"east": {"uv": [0, 0, 2, 0.1], "texture": "#0"},
				"south": {"uv": [0, 0, 0.5, 0.1], "texture": "#missing"},
				"west": {"uv": [0, 0, 2, 0.1], "texture": "#0"},
				"up": {"uv": [0, 0, 0.5, 2], "texture": "#0"},
				"down": {"uv": [0, 0, 0.5, 2], "texture": "#0"}
			}
		},
		{
			"from": [8.25, 10.4, 0.7],
			"to": [8.75, 10.5, 1],
			"faces": {
				"north": {"uv": [0, 0, 0.5, 0.1], "texture": "#0"},
				"east": {"uv": [0, 0, 0.3, 0.1], "texture": "#0"},
				"south": {"uv": [0, 0, 0.5, 0.1], "texture": "#missing"},
				"west": {"uv": [0, 0, 0.3, 0.1], "texture": "#0"},
				"up": {"uv": [0, 0, 0.5, 0.3], "texture": "#missing"},
				"down": {"uv": [0, 0, 0.5, 0.3], "texture": "#0"}
			}
		},
		{
			"from": [8.45, 12.1, -4],
			"to": [8.55, 12.2, -3.7],
			"faces": {
				"north": {"uv": [0, 0, 0.1, 0.1], "texture": "#0"},
				"east": {"uv": [0, 0, 0.3, 0.1], "texture": "#0"},
				"south": {"uv": [0, 0, 0.1, 0.1], "texture": "#0"},
				"west": {"uv": [0, 0, 0.3, 0.1], "texture": "#0"},
				"up": {"uv": [0, 0, 0.1, 0.3], "texture": "#0"},
				"down": {"uv": [0, 0, 0.1, 0.3], "texture": "#missing"}
			}
		},
		{
			"from": [8.25, 12, -4],
			"to": [8.75, 12.1, 8],
			"faces": {
				"north": {"uv": [0, 0, 0.5, 0.1], "texture": "#0"},
				"east": {"uv": [0, 0, 12, 0.1], "texture": "#0"},
				"south": {"uv": [0, 0, 0.5, 0.1], "texture": "#missing"},
				"west": {"uv": [0, 0, 12, 0.1], "texture": "#0"},
				"up": {"uv": [0, 0, 0.5, 12], "texture": "#0"},
				"down": {"uv": [0, 0, 0.5, 12], "texture": "#missing"}
			}
		},
		{
			"from": [8.15, 12, 8],
			"to": [8.85, 12.2, 13],
			"faces": {
				"north": {"uv": [0, 0, 0.7, 0.2], "texture": "#0"},
				"east": {"uv": [0, 0, 5, 0.2], "texture": "#0"},
				"south": {"uv": [0, 0, 0.7, 0.2], "texture": "#0"},
				"west": {"uv": [0, 0, 5, 0.2], "texture": "#0"},
				"up": {"uv": [0, 0, 0.7, 5], "texture": "#0"},
				"down": {"uv": [0, 0, 0.7, 5], "texture": "#missing"}
			}
		},
		{
			"from": [8.1, 3.8, 17.05],
			"to": [8.9, 4.8, 18.05],
			"rotation": {"angle": -22.5, "axis": "x", "origin": [0, 0, 0]},
			"faces": {
				"north": {"uv": [0, 0, 0.8, 1], "texture": "#missing"},
				"east": {"uv": [0, 0, 1, 1], "texture": "#2"},
				"south": {"uv": [0, 0, 0.8, 1], "texture": "#missing"},
				"west": {"uv": [0, 0, 1, 1], "texture": "#2"},
				"up": {"uv": [0, 0, 0.8, 1], "texture": "#2"},
				"down": {"uv": [0, 0, 0.8, 1], "texture": "#missing"}
			}
		},
		{
			"from": [8.15, 14.6, 8.1],
			"to": [8.85, 14.7, 10.1],
			"rotation": {"angle": 22.5, "axis": "x", "origin": [0, 0, 0]},
			"faces": {
				"north": {"uv": [0, 0, 0.7, 0.1], "texture": "#2"},
				"east": {"uv": [0, 0, 2, 0.1], "texture": "#2"},
				"south": {"uv": [0, 0, 0.7, 0.1], "texture": "#missing"},
				"west": {"uv": [0, 0, 2, 0.1], "texture": "#2"},
				"up": {"uv": [0, 0, 0.7, 2], "texture": "#missing"},
				"down": {"uv": [0, 0, 0.7, 2], "texture": "#2"}
			}
		},
		{
			"from": [8.15, 15.8, 7.25],
			"to": [8.85, 15.99, 10.05],
			"rotation": {"angle": 22.5, "axis": "x", "origin": [0, 0, 0]},
			"faces": {
				"north": {"uv": [0, 0, 0.7, 0.19], "texture": "#missing"},
				"east": {"uv": [0, 0, 2.8, 0.19], "texture": "#2"},
				"south": {"uv": [0, 0, 0.7, 0.19], "texture": "#missing"},
				"west": {"uv": [0, 0, 2.8, 0.19], "texture": "#2"},
				"up": {"uv": [0, 0, 0.7, 2.8], "texture": "#2"},
				"down": {"uv": [0, 0, 0.7, 2.8], "texture": "#missing"}
			}
		},
		{
			"from": [8.1, 14.6, 10.5],
			"to": [8.9, 16.1, 14.5],
			"rotation": {"angle": 22.5, "axis": "x", "origin": [0, 0, 0]},
			"faces": {
				"north": {"uv": [0, 0, 0.8, 1.5], "texture": "#missing"},
				"east": {"uv": [0, 0, 4, 1.5], "texture": "#2"},
				"south": {"uv": [0, 0, 0.8, 1.5], "texture": "#missing"},
				"west": {"uv": [0, 0, 4, 1.5], "texture": "#2"},
				"up": {"uv": [0, 0, 0.8, 4], "texture": "#missing"},
				"down": {"uv": [0, 0, 0.8, 4], "texture": "#2"}
			}
		},
		{
			"from": [8.15, 10.3, 8],
			"to": [8.85, 10.5, 13],
			"faces": {
				"north": {"uv": [0, 0, 0.7, 0.2], "texture": "#0"},
				"east": {"uv": [0, 0, 5, 0.2], "texture": "#0"},
				"south": {"uv": [0, 0, 0.7, 0.2], "texture": "#0"},
				"west": {"uv": [0, 0, 5, 0.2], "texture": "#0"},
				"up": {"uv": [0, 0, 0.7, 5], "texture": "#missing"},
				"down": {"uv": [0, 0, 0.7, 5], "texture": "#0"}
			}
		},
		{
			"from": [8.35, 10, 12.4],
			"to": [8.65, 10.6, 12.5],
			"faces": {
				"north": {"uv": [0, 0, 0.3, 0.6], "texture": "#0"},
				"east": {"uv": [0, 0, 0.1, 0.6], "texture": "#0"},
				"south": {"uv": [0, 0, 0.3, 0.6], "texture": "#0"},
				"west": {"uv": [0, 0, 0.1, 0.6], "texture": "#0"},
				"up": {"uv": [0, 0, 0.3, 0.1], "texture": "#missing"},
				"down": {"uv": [0, 0, 0.3, 0.1], "texture": "#0"}
			}
		}
	],
	"display": {
		"thirdperson_righthand": {
			"translation": [-0.5, -2.5, -4],
			"scale": [0.85, 0.85, 0.85]
		},
		"thirdperson_lefthand": {
			"translation": [0.5, -2.25, -4],
			"scale": [0.85, 0.85, 0.85]
		},
		"firstperson_righthand": {
			"translation": [-0.75, 2, -1.25]
		},
		"firstperson_lefthand": {
			"translation": [-0.75, 2.5, -0.5]
		},
		"gui": {
			"rotation": [90, 52, -90],
			"translation": [-1.75, -1, 0],
			"scale": [0.8, 0.8, 0.8]
		}
	}
}