{
	"credit": "Made with Blockbench",
	"textures": {
		"0": "gunmodel/51",
		"1": "gunmodel/53",
		"2": "gunmodel/54",
		"4": "gunmodel/52",
		"particle": "gunmodel/51"
	},
	"elements": [
		{
			"from": [8.032, 6.64, 7.248],
			"to": [8.928, 6.92, 9.768],
			"rotation": {"angle": 0, "axis": "y", "origin": [8.48, 3, 9.04]},
			"faces": {
				"north": {"uv": [0, 0, 1.6, 0.5], "texture": "#4"},
				"east": {"uv": [0, 0, 4.5, 0.5], "texture": "#4"},
				"south": {"uv": [0, 0, 1.6, 0.5], "texture": "#missing"},
				"west": {"uv": [0, 0, 4.5, 0.5], "texture": "#0"},
				"up": {"uv": [0, 0, 1.6, 4.5], "texture": "#4"},
				"down": {"uv": [0, 0, 1.6, 4.5], "texture": "#0"}
			}
		},
		{
			"from": [8.032, 7.76, 3.88],
			"to": [8.928, 8.04, 10.72],
			"rotation": {"angle": 0, "axis": "y", "origin": [8.48, 3, 9.04]},
			"faces": {
				"north": {"uv": [0, 0, 1.6, 0.5], "texture": "#4"},
				"east": {"uv": [0, 0, 14, 0.5], "texture": "#4"},
				"south": {"uv": [0, 0, 1.6, 0.5], "texture": "#4"},
				"west": {"uv": [0, 0, 14, 0.5], "texture": "#4"},
				"up": {"uv": [0, 0, 1.6, 14], "texture": "#missing"},
				"down": {"uv": [0, 0, 1.6, 14], "texture": "#4"}
			}
		},
		{
			"from": [8.032, 10, 2.6],
			"to": [8.928, 10.28, 10.5],
			"rotation": {"angle": 0, "axis": "y", "origin": [8.48, 3, 9.04]},
			"faces": {
				"north": {"uv": [0, 0, 1.6, 0.5], "texture": "#2"},
				"east": {"uv": [0, 0, 15, 0.5], "texture": "#2"},
				"south": {"uv": [0, 0, 1.6, 0.5], "texture": "#2"},
				"west": {"uv": [0, 0, 15, 0.5], "texture": "#2"},
				"up": {"uv": [0, 0, 1.6, 15], "texture": "#2"},
				"down": {"uv": [0, 0, 1.6, 15], "texture": "#missing"}
			}
		},
		{
			"from": [7.864, 9.72, 2.6],
			"to": [9.096, 10, 10.7],
			"rotation": {"angle": 0, "axis": "y", "origin": [8.48, 3, 9.04]},
			"faces": {
				"north": {"uv": [0, 0, 2.2, 0.5], "texture": "#2"},
				"east": {"uv": [0, 0, 16, 0.5], "texture": "#2"},
				"south": {"uv": [0, 0, 2.2, 0.5], "texture": "#2"},
				"west": {"uv": [0, 0, 16, 0.5], "texture": "#2"},
				"up": {"uv": [0, 0, 2.2, 16], "texture": "#2"},
				"down": {"uv": [0, 0, 2.2, 16], "texture": "#2"}
			}
		},
		{
			"from": [7.864, 8.6, 2.6],
			"to": [9.096, 9.72, 10.7],
			"rotation": {"angle": 0, "axis": "y", "origin": [8.48, 3, 9.04]},
			"faces": {
				"north": {"uv": [0, 0, 2.2, 0.5], "texture": "#2"},
				"east": {"uv": [0, 0, 16, 0.5], "texture": "#2"},
				"south": {"uv": [0, 0, 2.2, 0.5], "texture": "#2"},
				"west": {"uv": [0, 0, 16, 0.5], "texture": "#2"},
				"up": {"uv": [0, 0, 2.2, 16], "texture": "#4"},
				"down": {"uv": [0, 0, 2.2, 16], "texture": "#4"}
			}
		},
		{
			"from": [7.92, 3.6, 10.5],
			"to": [9.04, 8.1, 12.3],
			"rotation": {"angle": -22.5, "axis": "x", "origin": [8.48, 3, 9.04]},
			"faces": {
				"north": {"uv": [0, 0, 2, 6], "texture": "#1"},
				"east": {"uv": [0, 0, 3, 6], "texture": "#1"},
				"south": {"uv": [0, 0, 2, 6], "texture": "#1"},
				"west": {"uv": [0, 0, 3, 6], "texture": "#1"},
				"up": {"uv": [0, 0, 2, 3], "texture": "#1"},
				"down": {"uv": [0, 0, 2, 3], "texture": "#1"}
			}
		},
		{
			"from": [8.256, 10.28, 9.9],
			"to": [8.368, 10.504, 10.46],
			"rotation": {"angle": 0, "axis": "y", "origin": [8.48, 3, 9.04]},
			"faces": {
				"north": {"uv": [0, 0, 0.2, 0.4], "texture": "#2"},
				"east": {"uv": [0, 0, 1, 0.4], "texture": "#2"},
				"south": {"uv": [0, 0, 0.2, 0.4], "texture": "#2"},
				"west": {"uv": [0, 0, 1, 0.4], "texture": "#2"},
				"up": {"uv": [0, 0, 0.2, 1], "texture": "#2"},
				"down": {"uv": [0, 0, 0.2, 1], "texture": "#missing"}
			}
		},
		{
			"from": [8.424, 10.28, 2.6],
			"to": [8.536, 10.504, 3.4],
			"rotation": {"angle": 0, "axis": "y", "origin": [8.48, 3, 9.04]},
			"faces": {
				"north": {"uv": [0, 0, 0.2, 0.4], "texture": "#2"},
				"east": {"uv": [0, 0, 2, 0.4], "texture": "#2"},
				"south": {"uv": [0, 0, 0.2, 0.4], "texture": "#2"},
				"west": {"uv": [0, 0, 2, 0.4], "texture": "#2"},
				"up": {"uv": [0, 0, 0.2, 2], "texture": "#2"},
				"down": {"uv": [0, 0, 0.2, 2], "texture": "#missing"}
			}
		},
		{
			"from": [8.36, 9.2, 10.7],
			"to": [8.56, 9.6, 11.2],
			"rotation": {"angle": 0, "axis": "y", "origin": [8.48, 3, 9.04]},
			"faces": {
				"north": {"uv": [0, 0, 0.2, 0.4], "texture": "#4"},
				"east": {"uv": [0, 0, 2, 0.4], "texture": "#4"},
				"south": {"uv": [0, 0, 0.2, 0.4], "texture": "#4"},
				"west": {"uv": [0, 0, 2, 0.4], "texture": "#4"},
				"up": {"uv": [0, 0, 0.2, 2], "texture": "#4"},
				"down": {"uv": [0, 0, 0.2, 2], "texture": "#4"}
			}
		},
		{
			"from": [8.592, 10.28, 9.9],
			"to": [8.704, 10.504, 10.46],
			"rotation": {"angle": 0, "axis": "y", "origin": [8.48, 3, 9.04]},
			"faces": {
				"north": {"uv": [0, 0, 0.2, 0.4], "texture": "#2"},
				"east": {"uv": [0, 0, 1, 0.4], "texture": "#2"},
				"south": {"uv": [0, 0, 0.2, 0.4], "texture": "#2"},
				"west": {"uv": [0, 0, 1, 0.4], "texture": "#2"},
				"up": {"uv": [0, 0, 0.2, 1], "texture": "#2"},
				"down": {"uv": [0, 0, 0.2, 1], "texture": "#missing"}
			}
		},
		{
			"from": [7.864, 8.04, 3.32],
			"to": [9.096, 8.6, 10.72],
			"rotation": {"angle": 0, "axis": "y", "origin": [8.48, 3, 9.04]},
			"faces": {
				"north": {"uv": [0, 0, 2.2, 1], "texture": "#4"},
				"east": {"uv": [0, 0, 15, 1], "texture": "#0"},
				"south": {"uv": [0, 0, 2.2, 1], "texture": "#0"},
				"west": {"uv": [0, 0, 15, 1], "texture": "#0"},
				"up": {"uv": [0, 0, 2.2, 15], "texture": "#4"},
				"down": {"uv": [0, 0, 2.2, 15], "texture": "#4"}
			}
		},
		{
			"from": [8.032, 7.032, 8.3],
			"to": [8.928, 7.76, 8.468],
			"rotation": {"angle": 0, "axis": "y", "origin": [8.48, 3, 9.04]},
			"faces": {
				"north": {"uv": [0, 0, 1.6, 1.3], "texture": "#4"},
				"east": {"uv": [0, 0, 0.3, 1.3], "texture": "#4"},
				"south": {"uv": [0, 0, 1.6, 1.3], "texture": "#4"},
				"west": {"uv": [0, 0, 0.3, 1.3], "texture": "#4"},
				"up": {"uv": [0, 0, 1.6, 0.3], "texture": "#missing"},
				"down": {"uv": [0, 0, 1.6, 0.3], "texture": "#4"}
			}
		},
		{
			"from": [8.032, 6.92, 7.36],
			"to": [8.928, 7.76, 7.92],
			"rotation": {"angle": 0, "axis": "y", "origin": [8.48, 3, 9.04]},
			"faces": {
				"north": {"uv": [0, 0, 1.6, 1.5], "texture": "#4"},
				"east": {"uv": [0, 0, 1, 1.5], "texture": "#4"},
				"south": {"uv": [0, 0, 1.6, 1.5], "texture": "#4"},
				"west": {"uv": [0, 0, 1, 1.5], "texture": "#0"},
				"up": {"uv": [0, 0, 1.6, 1], "texture": "#missing"},
				"down": {"uv": [0, 0, 1.6, 1], "texture": "#missing"}
			}
		},
		{
			"from": [8.032, 7.36, 7.06],
			"to": [8.928, 7.76, 7.36],
			"rotation": {"angle": 0, "axis": "y", "origin": [8.48, 3, 9.04]},
			"faces": {
				"north": {"uv": [0, 0, 1.6, 1.5], "texture": "#4"},
				"east": {"uv": [0, 0, 1, 1.5], "texture": "#4"},
				"south": {"uv": [0, 0, 1.6, 1.5], "texture": "#missing"},
				"west": {"uv": [0, 0, 1, 1.5], "texture": "#0"},
				"up": {"uv": [0, 0, 1.6, 1], "texture": "#missing"},
				"down": {"uv": [0, 0, 1.6, 1], "texture": "#0"}
			}
		},
		{
			"from": [8.032, 8.5, 10.7],
			"to": [8.928, 8.7, 11.4],
			"rotation": {"angle": 0, "axis": "y", "origin": [8.48, 3, 9.04]},
			"faces": {
				"north": {"uv": [0, 0, 1.6, 1.5], "texture": "#0"},
				"east": {"uv": [0, 0, 1, 1.5], "texture": "#0"},
				"south": {"uv": [0, 0, 1.6, 1.5], "texture": "#0"},
				"west": {"uv": [0, 0, 1, 1.5], "texture": "#0"},
				"up": {"uv": [0, 0, 1.6, 1], "texture": "#0"},
				"down": {"uv": [0, 0, 1.6, 1], "texture": "#0"}
			}
		},
		{
			"from": [8.144, 2.4, 12.3],
			"to": [8.816, 5.2, 12.5],
			"rotation": {"angle": -45, "axis": "x", "origin": [8.48, 3, 9.04]},
			"faces": {
				"north": {"uv": [0, 0, 1.2, 5], "texture": "#missing"},
				"east": {"uv": [0, 0, 0.2, 5], "texture": "#1"},
				"south": {"uv": [0, 0, 1.2, 5], "texture": "#1"},
				"west": {"uv": [0, 0, 0.2, 5], "texture": "#1"},
				"up": {"uv": [0, 0, 1.2, 0.2], "texture": "#missing"},
				"down": {"uv": [0, 0, 1.2, 0.2], "texture": "#1"}
			}
		},
		{
			"from": [8.144, 3.4, 10.3],
			"to": [8.816, 8.2, 10.5],
			"rotation": {"angle": -22.5, "axis": "x", "origin": [8.48, 3, 9.04]},
			"faces": {
				"north": {"uv": [0, 0, 1.2, 5], "texture": "#4"},
				"east": {"uv": [0, 0, 0.2, 5], "texture": "#4"},
				"south": {"uv": [0, 0, 1.2, 5], "texture": "#missing"},
				"west": {"uv": [0, 0, 0.2, 5], "texture": "#4"},
				"up": {"uv": [0, 0, 1.2, 0.2], "texture": "#missing"},
				"down": {"uv": [0, 0, 1.2, 0.2], "texture": "#4"}
			}
		},
		{
			"from": [8.144, 3.4, 10.5],
			"to": [8.816, 3.6, 12.3],
			"rotation": {"angle": -22.5, "axis": "x", "origin": [8.48, 3, 9.04]},
			"faces": {
				"north": {"uv": [0, 0, 1.2, 5], "texture": "#missing"},
				"east": {"uv": [0, 0, 0.2, 5], "texture": "#4"},
				"south": {"uv": [0, 0, 1.2, 5], "texture": "#4"},
				"west": {"uv": [0, 0, 0.2, 5], "texture": "#4"},
				"up": {"uv": [0, 0, 1.2, 0.2], "texture": "#missing"},
				"down": {"uv": [0, 0, 1.2, 0.2], "texture": "#4"}
			}
		}
	],
	"display": {
		"firstperson_righthand": {
			"translation": [0, 3.75, 0]
		},
		"firstperson_lefthand": {
			"translation": [0, 3.75, 0]
		},
		"gui": {
			"rotation": [90, 58.5, -90],
			"translation": [1, 0, 0],
			"scale": [1.55, 1.55, 1.55]
		}
	},
	"groups": [
		{
			"name": "bone",
			"origin": [-8, 0, 0],
			"color": 0,
			"children": [0, 1, 2, 3, 4, 5, 6, 7, 8, 9, 10, 11, 12, 13, 14, 15, 16, 17]
		}
	]
}