{
    "providers": [
        {
            "type": "ttf",
            "file": "minecraft:negative_spaces.ttf",
            "shift": [0.0, 0.0],
            "size": 10.0,
            "oversample": 1.0
        },
        {
            "type": "bitmap",
            "file": "minecraft:font/perk_skills.png",
            "ascent": -18,
            "height": 15,
            "chars": [
                "\uE000\uE001\uE002\uE003\uE004\uE005\uE006\uE007\uE008\uE009\uE00A\uE00B\uE00C\uE00D\uE00E\uE00F",
                "\uE010\uE011\uE012\uE013\uE014\uE015\uE016\uE017\uE018\uE019\uE01A\uE01B\uE01C\uE01D\uE01E\uE01F",
                "\uE020\uE021\uE022\uE023\uE024\uE025\uE026\uE027\uE028\uE029\uE02A\uE02B\uE02C\uE02D\uE02E\uE02F",
                "\uE030\uE031\uE032\uE033\uE034\uE035\uE036\uE037\uE038\uE039\uE03A\uE03B\uE03C\uE03D\uE03E\uE03F",
                "\uE040\uE041\uE042\uE043\uE044\uE045\uE006\uE007\uE008\uE009\uE00A\uE00B\uE00C\uE00D\uE00E\uE00F",
                "\uE050\uE051\uE052\uE053\uE054\uE055\uE016\uE017\uE018\uE019\uE01A\uE01B\uE01C\uE01D\uE01E\uE01F",
                "\uE060\uE061\uE062\uE063\uE064\uE065\uE026\uE027\uE028\uE029\uE02A\uE02B\uE02C\uE02D\uE02E\uE02F",
                "\uE070\uE071\uE072\uE073\uE074\uE075\uE036\uE037\uE038\uE039\uE03A\uE03B\uE03C\uE03D\uE03E\uE03F",
                "\uE080\uE081\uE082\uE083\uE084\uE085\uE006\uE007\uE008\uE009\uE00A\uE00B\uE00C\uE00D\uE00E\uE00F",
                "\uE090\uE091\uE092\uE093\uE094\uE095\uE016\uE017\uE018\uE019\uE01A\uE01B\uE01C\uE01D\uE01E\uE01F",
                "\uE0A0\uE0A1\uE0A2\uE0A3\uE0A4\uE0A5\uE0A6\uE0A7\uE028\uE029\uE02A\uE02B\uE02C\uE02D\uE02E\uE02F",
                "\uE0B0\uE0B1\uE0B2\uE0B3\uE0B4\uE0B5\uE036\uE037\uE038\uE039\uE03A\uE03B\uE03C\uE03D\uE03E\uE03F",
                "\uE0C0\uE0C1\uE0C2\uE0C3\uE0C4\uE0C5\uE006\uE007\uE008\uE009\uE00A\uE00B\uE00C\uE00D\uE00E\uE00F",
                "\uE0D0\uE0D1\uE0D2\uE0D3\uE0D4\uE0D5\uE016\uE017\uE018\uE019\uE01A\uE01B\uE01C\uE01D\uE01E\uE01F",
                "\uE0E0\uE0E1\uE0E2\uE0E3\uE0E4\uE0E5\uE026\uE027\uE028\uE029\uE02A\uE02B\uE02C\uE02D\uE02E\uE02F",
                "\uE0F0\uE0F1\uE0F2\uE0F3\uE0F4\uE0F5\uE036\uE037\uE038\uE039\uE03A\uE03B\uE03C\uE03D\uE03E\uE03F"
            ]
        },
        {
            "type": "bitmap",
            "file": "minecraft:font/skill_background.png",
            "ascent": -17,
            "height": 18,
            "chars": [
                "\uE100"
            ]
        },
        {
            "type": "bitmap",
            "file": "minecraft:font/c_line1.png",
            "ascent": 31,
            "height": 68,
            "chars": [
                "\uE201"
            ]
        },
        {
            "type": "bitmap",
            "file": "minecraft:font/c_line2.png",
            "ascent": 31,
            "height": 68,
            "chars": [
                "\uE202"
            ]
        },
        {
            "type": "bitmap",
            "file": "minecraft:font/c_line3.png",
            "ascent": 31,
            "height": 68,
            "chars": [
                "\uE203"
            ]
        },
        {
            "type": "bitmap",
            "file": "minecraft:font/c_line4.png",
            "ascent": 31,
            "height": 68,
            "chars": [
                "\uE204"
            ]
        },
        {
            "type": "bitmap",
            "file": "minecraft:font/perk2_visual1.png",
            "ascent": 31,
            "height": 68,
            "chars": [
                "\uE221"
            ]
        },
        {
            "type": "bitmap",
            "file": "minecraft:font/perk2_visual2.png",
            "ascent": 31,
            "height": 68,
            "chars": [
                "\uE222"
            ]
        },
        {
            "type": "bitmap",
            "file": "minecraft:font/perk2_visual3.png",
            "ascent": 31,
            "height": 68,
            "chars": [
                "\uE223"
            ]
        },
        {
            "type": "bitmap",
            "file": "minecraft:font/perk2_visual4.png",
            "ascent": 31,
            "height": 68,
            "chars": [
                "\uE224"
            ]
        },
        {
            "type": "bitmap",
            "file": "minecraft:font/perk7_visual1.png",
            "ascent": 31,
            "height": 68,
            "chars": [
                "\uE271"
            ]
        },
        {
            "type": "bitmap",
            "file": "minecraft:font/monster_curse.png",
            "ascent": 60,
            "height": 150,
            "chars": [
                "\uE2A1"
            ]
        }
    ]
}